mentor_domain_id,mentor_id,reg_date_mentor,region_id_mentor,mentee_id,region_id_mentee,session_id,session_date_time,session_status
10,26132,2024-04-20 19:43:32,2,27949,9,5547,2020-08-03 08:21:33,canceled
8,17733,2024-04-05 18:12:47,9,26903,3,3998,2020-04-09 05:23:29,canceled
4,7241,2024-10-23 13:49:26,3,2013,0,6601,2021-06-09 17:40:00,canceled
4,28865,2024-04-29 06:14:22,5,23010,10,2877,2024-04-10 14:21:15,finished
6,6410,2024-04-07 05:13:44,10,6388,9,9724,2024-07-24 22:55:27,canceled
9,11737,2024-02-01 12:02:21,10,12410,3,6801,2023-04-18 05:00:54,finished
6,29405,2024-09-25 10:02:42,3,12673,0,5246,2022-09-29 05:00:04,canceled
9,17836,2024-10-15 22:36:41,10,10323,7,1134,2023-07-18 10:52:31,finished
9,19644,2024-10-20 23:45:02,6,1639,2,4610,2023-01-09 09:01:57,finished
6,16820,2024-09-18 14:13:24,7,22387,7,7232,2023-12-06 20:59:22,finished
7,7783,2024-10-14 03:44:14,4,14687,9,9569,2024-10-25 10:06:24,finished
8,1051,2024-11-06 17:24:54,9,9706,4,5560,2024-05-02 19:24:12,canceled
9,23968,2024-02-06 18:59:05,10,28464,5,2086,2022-12-17 01:11:06,canceled
1,22649,2024-08-17 06:30:38,6,6711,1,7995,2021-01-04 15:16:36,canceled
4,7213,2024-09-09 21:36:59,9,13995,10,1641,2020-10-18 05:20:24,canceled
8,3196,2024-04-16 02:47:29,10,29635,1,2991,2020-11-24 02:34:21,canceled
7,6350,2024-02-26 06:08:43,8,19441,3,2486,2020-05-01 17:38:37,canceled
10,21459,2024-05-14 16:58:27,9,22958,6,9675,2023-01-18 22:31:21,finished
7,20734,2024-10-02 01:16:20,3,21164,3,5103,2020-04-19 13:54:16,finished
7,18466,2024-05-04 01:49:54,2,17561,3,4865,2021-02-18 21:38:56,finished
5,6861,2024-10-04 11:13:00,7,12569,7,4881,2021-08-27 04:01:54,canceled
9,5386,2024-05-23 14:42:00,7,26084,5,5857,2024-05-06 00:53:05,finished
10,1075,2024-03-14 16:51:28,9,3140,3,9751,2022-12-16 01:16:30,canceled
7,17276,2024-11-05 22:00:23,1,24958,1,2059,2023-02-27 19:21:59,finished
8,20267,2024-08-25 14:29:15,10,16126,0,6836,2023-06-18 14:29:27,canceled
7,8360,2024-01-27 07:53:29,1,16995,5,4313,2023-12-09 00:22:04,canceled
8,29245,2024-08-23 17:03:19,10,23954,9,2670,2024-10-19 23:08:57,canceled
2,9732,2024-01-03 00:47:07,5,10403,7,9116,2020-12-14 08:11:44,canceled
6,16185,2024-05-06 08:46:05,1,2718,4,2919,2024-01-11 09:25:46,canceled
4,8790,2024-09-05 16:54:30,6,8341,1,2675,2022-01-13 06:36:28,finished
9,1463,2024-09-18 15:14:48,4,13093,0,4666,2024-01-01 22:23:09,finished
2,1766,2024-03-15 18:49:47,1,13907,5,8056,2023-01-02 01:34:06,canceled
7,5996,2024-09-06 12:16:19,5,28890,9,1235,2022-10-26 21:58:46,finished
8,21713,2024-02-18 18:05:18,9,17699,9,6822,2023-06-03 12:27:12,canceled
9,22149,2024-06-06 22:54:43,2,17187,5,9981,2020-12-16 16:44:47,canceled
7,15637,2024-08-06 14:13:54,5,22609,2,1565,2020-11-28 15:53:20,canceled
5,2624,2024-08-31 09:03:10,2,14912,6,4274,2021-12-18 22:07:04,finished
10,18984,2024-08-12 20:05:04,5,13788,4,3406,2022-08-08 08:46:42,canceled
1,26063,2024-02-14 04:18:31,7,13435,7,8135,2024-08-19 10:25:24,finished
8,11844,2024-05-06 08:44:21,8,12971,8,2605,2024-03-25 20:46:27,canceled
6,27714,2024-05-05 01:46:49,3,26904,0,5965,2020-01-29 10:04:23,finished
6,151,2024-08-29 05:52:38,10,22380,5,4376,2023-02-01 10:19:50,finished
3,21256,2024-01-11 19:43:33,8,5472,9,6087,2023-07-02 20:51:20,finished
1,23315,2024-08-13 19:43:10,9,4921,10,3873,2024-06-17 21:06:57,canceled
5,18877,2024-10-05 16:30:41,4,23704,1,4374,2021-09-22 02:05:16,canceled
10,11263,2024-08-08 08:14:44,2,20432,0,3864,2022-03-09 07:08:58,canceled
9,25240,2024-01-13 04:59:19,9,1852,0,7089,2023-01-18 08:42:58,canceled
8,14954,2024-08-15 09:42:27,1,16287,9,6637,2021-12-09 23:16:55,canceled
1,16561,2024-10-05 06:02:02,4,28446,6,1410,2020-05-28 08:03:52,finished
7,29223,2024-08-06 13:59:17,10,12769,3,1441,2023-07-24 15:38:41,finished
7,28913,2024-01-02 21:40:53,2,3094,1,8889,2021-05-31 14:16:36,canceled
5,21562,2024-07-02 22:31:35,10,3475,0,9169,2022-04-06 14:49:03,canceled
5,10157,2024-07-08 21:01:48,5,18660,9,8218,2024-05-10 05:52:55,canceled
8,3711,2024-11-02 13:44:39,7,1149,1,3622,2024-08-20 14:10:27,canceled
1,26289,2024-03-28 22:49:31,5,1919,4,6478,2021-01-10 14:56:36,finished
3,17858,2024-04-03 00:38:31,1,24303,1,9088,2022-04-24 19:35:49,canceled
1,26089,2024-05-26 17:53:33,4,3512,1,7289,2020-03-15 06:55:41,finished
7,5618,2024-02-26 20:24:26,3,18992,1,2315,2023-09-12 11:13:23,canceled
2,18917,2024-02-01 13:52:02,4,23575,6,9248,2020-05-18 15:39:52,canceled
2,12189,2024-10-03 07:18:29,1,25252,7,5449,2023-10-14 10:41:50,canceled
3,562,2024-06-20 12:09:52,4,6809,1,2557,2022-04-15 06:22:45,finished
6,7959,2024-02-13 20:09:03,5,18406,1,4751,2023-05-04 09:14:36,finished
4,10402,2024-06-18 13:13:17,9,24154,2,2803,2022-08-07 08:44:01,canceled
1,17896,2024-09-25 22:12:37,1,8825,4,1573,2021-10-13 03:04:40,canceled
4,6708,2024-02-19 03:25:52,6,11813,5,3276,2022-09-02 06:00:51,canceled
4,8771,2024-04-08 04:26:32,5,2891,1,1030,2020-01-13 18:31:24,finished
1,29127,2024-05-10 04:49:53,8,29754,0,2689,2022-11-04 02:37:33,finished
4,4754,2024-02-11 23:33:28,10,12312,0,8889,2022-04-11 12:09:18,canceled
2,23332,2024-10-09 22:50:42,9,2818,7,3352,2021-02-21 10:11:58,canceled
4,17089,2024-03-04 03:27:52,10,14928,9,4222,2020-10-23 02:00:53,finished
7,8670,2024-03-11 06:41:52,4,19000,1,5798,2022-05-30 03:30:52,finished
6,22492,2024-10-19 10:37:36,1,9987,7,3997,2023-03-24 11:27:52,finished
5,10765,2024-03-23 07:51:05,6,11847,4,9236,2024-10-08 22:07:54,finished
3,12734,2024-08-15 08:30:48,10,9098,2,4910,2024-06-30 05:20:39,finished
7,19222,2024-06-21 08:35:12,2,3806,5,3174,2022-04-13 08:48:09,canceled
2,4820,2024-08-20 11:58:45,5,18803,10,7978,2023-12-20 20:52:29,finished
6,14743,2024-07-06 21:44:41,3,19548,2,5111,2022-06-02 09:22:15,finished
9,6262,2024-06-11 08:47:05,6,18341,7,4177,2023-04-01 10:33:17,canceled
1,9608,2024-08-14 22:02:00,6,27362,8,8878,2022-06-13 14:06:34,finished
9,29842,2024-10-25 16:15:13,6,8570,6,8053,2023-03-26 05:11:01,canceled
2,14487,2024-01-29 23:21:21,9,369,6,4353,2023-09-11 02:23:55,finished
10,5306,2024-09-25 11:51:59,1,17460,6,6072,2024-05-25 23:04:03,finished
5,7551,2024-09-08 23:03:31,7,8837,5,1300,2021-07-11 18:48:47,canceled
3,23403,2024-05-18 23:41:05,7,22275,9,3139,2023-05-24 11:03:50,canceled
7,22825,2024-01-19 22:03:39,1,2713,1,1421,2023-08-10 08:05:43,finished
1,8432,2024-06-21 00:22:36,9,22090,9,2574,2021-02-18 08:55:15,finished
3,20398,2024-02-29 20:39:47,7,18287,3,7323,2021-03-10 17:36:25,finished
5,20173,2024-04-03 17:04:23,8,28879,9,5733,2024-09-03 10:28:22,finished
7,3135,2024-09-20 06:58:49,6,2122,8,4865,2020-04-17 16:01:57,finished
4,25144,2024-06-27 03:16:29,7,17285,10,9370,2022-11-12 20:32:12,finished
9,7414,2024-05-07 04:10:13,2,19062,2,7566,2024-04-06 23:10:18,canceled
1,19527,2024-01-15 11:40:12,4,12674,8,4311,2021-10-27 08:33:20,finished
9,5924,2024-10-01 06:36:53,9,15886,10,6158,2021-11-23 17:07:01,canceled
8,29146,2024-09-19 05:20:20,3,4856,5,4592,2024-08-20 13:12:47,finished
3,27389,2024-08-14 06:03:04,4,6960,4,1497,2021-01-10 09:54:28,canceled
8,10090,2024-01-13 00:46:02,1,11577,7,2226,2021-08-16 11:15:18,finished
9,25783,2024-04-08 10:14:41,1,7623,7,6696,2022-09-14 22:59:29,finished
7,27330,2024-02-11 06:14:12,4,28402,9,4042,2020-10-01 22:29:24,finished
3,7732,2024-08-25 04:52:37,3,12139,10,1664,2022-05-20 10:54:25,finished
5,5816,2024-07-16 12:03:20,4,16645,10,1946,2024-10-27 08:03:46,finished
2,21580,2024-03-15 09:07:29,10,9709,8,6404,2024-08-16 03:18:00,canceled
1,7131,2024-10-03 00:02:01,2,10023,3,1419,2023-03-12 00:39:31,canceled
5,3142,2024-07-15 01:41:10,5,5792,4,1633,2024-02-08 10:15:08,canceled
6,26253,2024-10-24 18:48:37,5,27204,8,4542,2024-06-13 14:49:14,canceled
1,20940,2024-11-08 10:13:45,1,14993,5,4583,2022-01-12 05:17:35,canceled
10,29146,2024-01-06 14:38:03,7,26825,4,6065,2020-06-07 07:42:42,finished
1,17409,2024-06-18 04:33:48,2,9325,4,3260,2022-12-22 15:45:47,canceled
1,17602,2024-04-16 22:15:56,10,22310,6,1321,2023-11-20 04:45:09,finished
5,18116,2024-08-17 01:10:12,8,14589,10,2684,2024-04-14 09:30:40,canceled
2,6225,2024-05-12 15:12:58,6,14616,2,3553,2024-05-04 21:38:36,finished
7,3551,2024-02-22 03:43:36,3,15101,1,4199,2024-06-22 13:29:36,finished
10,16914,2024-07-12 22:30:14,1,12959,9,4138,2020-03-31 12:22:57,canceled
7,10620,2024-10-14 16:44:45,4,14652,4,4017,2022-04-28 04:24:40,finished
10,9235,2024-02-22 18:49:13,4,22323,6,6100,2022-03-23 18:39:12,canceled
6,19566,2024-08-04 00:36:53,9,20257,9,7950,2021-02-28 02:56:35,canceled
1,8736,2024-04-22 14:06:46,4,17443,2,8973,2022-06-24 07:08:31,canceled
2,15823,2024-10-30 04:36:40,6,8848,3,6204,2021-11-24 05:00:31,canceled
5,23119,2024-02-10 05:57:35,2,10930,8,1262,2021-07-05 20:06:22,canceled
6,13255,2024-07-25 07:43:32,9,27047,1,7405,2023-10-21 16:21:05,canceled
9,22561,2024-05-21 12:11:05,8,16658,0,6701,2022-05-15 10:49:46,canceled
7,8405,2024-10-06 19:45:09,9,7003,10,2576,2024-11-07 23:33:41,finished
3,25326,2024-06-01 17:02:23,7,2307,6,3405,2024-04-13 10:16:17,finished
7,8424,2024-10-09 20:58:56,5,28822,2,8014,2020-05-15 18:35:47,finished
6,15538,2024-06-06 20:36:28,2,26816,5,5881,2020-04-21 16:57:04,canceled
5,14287,2024-07-27 23:24:10,9,26481,8,1463,2024-01-20 00:47:10,canceled
9,17660,2024-01-02 00:22:37,6,14488,2,5608,2021-07-27 10:49:28,finished
1,16110,2024-02-09 02:30:34,2,24792,3,5950,2022-11-15 09:28:14,finished
2,1678,2024-06-18 20:31:59,9,18013,5,2338,2022-01-11 11:44:41,finished
1,14195,2024-10-24 04:21:20,1,18611,5,8177,2022-07-30 20:02:05,finished
5,27609,2024-05-23 06:51:43,9,2440,2,3109,2022-08-17 20:53:16,canceled
10,7376,2024-09-28 04:34:55,1,23217,4,1610,2021-07-15 00:41:47,finished
4,12932,2024-05-31 14:59:11,3,4175,5,8717,2020-06-29 19:33:04,canceled
6,450,2024-05-22 16:26:25,1,10876,6,1126,2021-04-19 13:13:24,canceled
9,2004,2024-04-20 01:33:06,6,20525,9,7252,2021-04-12 00:26:26,canceled
6,26216,2024-02-04 13:28:35,5,4492,1,7140,2020-04-18 12:56:14,canceled
8,21917,2024-11-08 15:47:14,10,13023,10,3918,2021-06-13 00:40:11,canceled
1,18039,2024-05-18 23:23:48,5,21499,3,2779,2021-12-27 04:44:35,canceled
7,1551,2024-08-08 11:38:26,7,17069,5,5662,2020-03-20 22:03:55,finished
10,22819,2024-01-29 10:07:18,2,15114,5,3228,2022-05-20 09:43:40,finished
8,21143,2024-03-12 01:18:17,2,16688,3,5781,2022-11-02 01:23:42,finished
3,20283,2024-07-18 16:21:34,5,17610,0,3342,2023-06-07 18:34:16,canceled
2,12476,2024-01-17 03:23:54,10,9332,3,9448,2023-09-12 15:16:59,canceled
10,3528,2024-04-06 04:47:00,6,426,4,5447,2024-01-19 22:07:50,canceled
8,17979,2024-05-23 19:20:02,10,18279,9,5218,2021-05-16 07:51:54,canceled
8,26919,2024-06-02 08:47:33,10,28869,3,8525,2023-09-02 08:32:22,canceled
9,25821,2024-03-16 12:32:58,3,17419,5,6157,2022-06-07 18:48:39,finished
1,10608,2024-03-04 18:51:08,5,1595,8,5371,2024-03-15 12:38:04,canceled
5,21452,2024-07-06 03:32:33,6,13490,3,5551,2023-02-03 16:42:09,canceled
9,3151,2024-05-12 22:57:21,7,5924,2,9417,2023-10-05 10:13:58,canceled
9,16777,2024-09-05 06:19:51,4,5470,4,2888,2023-10-27 12:31:39,canceled
2,21775,2024-05-13 13:56:02,7,27841,0,8837,2020-03-19 03:17:58,canceled
5,14237,2024-01-27 21:11:46,4,26350,8,6960,2024-09-12 18:10:36,canceled
10,12426,2024-02-18 20:47:11,1,19228,10,9212,2021-06-16 19:57:50,finished
8,4081,2024-08-13 11:04:05,9,10053,9,2389,2020-09-21 23:04:51,finished
9,13508,2024-02-10 17:14:29,5,9793,10,5073,2024-11-06 10:47:17,canceled
6,27995,2024-09-28 07:59:34,5,195,4,4713,2020-05-26 06:07:41,finished
8,5005,2024-05-15 17:05:52,5,27074,2,6374,2024-08-09 21:29:53,finished
5,22407,2024-01-24 19:10:25,10,22848,5,9735,2020-05-06 03:36:47,finished
8,26563,2024-06-28 14:04:01,8,5060,8,4514,2024-04-19 19:37:50,finished
9,27022,2024-01-20 23:51:28,1,18794,1,8998,2022-04-18 22:28:42,canceled
9,28412,2024-04-01 12:46:45,10,15709,7,6845,2022-02-13 19:21:44,finished
4,29910,2024-01-30 09:57:57,9,23849,6,4035,2024-01-03 14:55:55,finished
4,28494,2024-05-17 12:53:43,2,5664,2,6290,2023-05-12 01:35:26,canceled
4,10961,2024-07-22 08:56:34,4,5132,2,7370,2020-02-08 03:10:13,finished
9,15327,2024-09-23 09:47:45,7,9250,4,1055,2020-09-18 13:38:26,canceled
7,24214,2024-07-12 03:36:51,7,11437,8,6157,2020-06-28 10:30:30,finished
4,25771,2024-06-19 05:55:11,5,15639,6,7303,2021-11-12 22:38:34,finished
6,5342,2024-05-24 02:00:22,10,28496,9,5627,2022-06-04 18:26:42,finished
4,9472,2024-06-27 23:32:16,7,15466,9,6478,2022-12-18 19:40:57,finished
4,10965,2024-08-24 11:37:53,4,8542,5,9022,2024-01-24 13:57:38,finished
4,15211,2024-11-03 11:18:52,6,5002,0,4041,2022-09-10 11:33:58,finished
9,17966,2024-06-13 15:39:45,10,1740,8,1188,2022-04-22 14:28:45,canceled
4,16658,2024-07-24 13:23:30,1,14552,8,7776,2020-05-09 19:19:43,canceled
5,14721,2024-07-08 01:36:36,2,4494,7,7443,2021-08-02 16:05:00,canceled
10,16868,2024-07-09 04:36:21,5,9480,0,8588,2022-11-23 06:26:56,canceled
10,28213,2024-02-18 01:58:44,7,25222,8,2356,2023-03-23 20:28:58,finished
9,14404,2024-10-13 04:34:19,7,3698,8,8615,2024-09-17 15:27:18,finished
3,20291,2024-08-11 02:44:17,2,272,7,9930,2022-03-24 20:03:44,canceled
10,23365,2024-04-02 21:19:36,9,10046,10,1001,2023-01-01 00:09:28,canceled
6,19163,2024-04-01 08:45:04,6,8841,9,9196,2024-06-22 18:29:51,finished
9,15146,2024-06-03 18:49:37,10,4178,8,3417,2021-01-10 08:36:54,finished
5,13633,2024-04-09 19:38:18,9,4583,6,8994,2023-07-07 19:49:30,canceled
5,21398,2024-01-11 18:15:27,4,18430,3,2768,2023-09-20 12:39:57,finished
10,10476,2024-04-12 07:30:03,6,22669,9,3862,2022-08-10 08:23:48,finished
1,1329,2024-04-09 10:02:02,8,28297,1,9493,2022-10-13 00:50:59,canceled
6,26611,2024-04-26 07:43:19,2,6656,1,9769,2023-08-21 00:44:38,finished
10,12333,2024-04-02 02:05:58,3,24122,5,6666,2022-05-04 09:00:05,finished
2,3182,2024-01-10 11:22:42,5,29577,5,2166,2020-01-30 01:58:34,canceled
10,5012,2024-06-10 09:25:09,8,27823,2,1853,2024-07-15 07:48:37,finished
8,18869,2024-07-08 22:39:49,10,14875,10,4446,2020-09-17 02:16:24,finished
4,6763,2024-01-15 13:28:22,10,379,8,4822,2023-01-17 04:57:14,canceled
5,28438,2024-02-21 23:43:27,6,26507,1,5388,2022-11-24 22:21:57,canceled
2,8559,2024-08-05 23:54:32,5,16031,0,2478,2022-04-18 23:50:00,canceled
3,28170,2024-07-06 23:45:25,4,20916,4,4028,2023-11-19 19:50:53,finished
9,2941,2024-01-30 23:23:47,7,11770,5,7937,2021-07-20 16:19:08,canceled
4,29931,2024-10-20 20:59:03,7,18311,7,3395,2023-11-29 03:56:21,canceled
4,23652,2024-04-03 01:43:05,2,11466,10,9147,2022-12-27 17:46:51,canceled
5,25995,2024-05-20 19:30:53,10,6804,6,7709,2020-05-01 12:16:48,canceled
2,5336,2024-05-13 19:26:36,6,23850,10,6948,2020-06-26 13:35:22,canceled
6,21425,2024-08-05 19:00:11,5,5214,6,4118,2020-11-25 01:21:22,finished
8,22975,2024-07-23 10:38:05,3,1090,6,8604,2024-09-01 06:34:22,canceled
9,10823,2024-06-13 00:24:48,3,26323,6,4708,2021-01-11 03:20:20,finished
10,14897,2024-09-11 21:37:53,2,7857,10,1461,2020-07-22 14:50:31,canceled
6,10751,2024-11-05 00:32:55,1,15045,10,9566,2023-05-07 06:51:47,canceled
8,7826,2024-10-08 00:42:45,6,15921,2,5240,2021-12-18 21:40:38,canceled
1,4188,2024-03-28 06:33:19,9,13947,5,2165,2021-03-29 22:47:45,finished
9,16411,2024-03-23 15:10:23,1,189,0,8760,2023-09-20 07:17:18,finished
1,21320,2024-09-04 10:41:37,3,24133,9,4112,2020-06-26 20:05:42,canceled
6,21657,2024-10-30 09:45:22,8,18832,0,9761,2024-03-29 05:56:08,canceled
3,14055,2024-04-25 23:48:09,10,11489,2,6867,2020-02-23 23:31:44,canceled
1,22374,2024-04-10 03:41:29,7,25995,10,9428,2020-01-15 07:54:34,canceled
1,6561,2024-04-26 10:14:16,9,17280,9,5790,2020-04-17 12:02:12,finished
3,26850,2024-07-12 13:47:46,5,14841,9,9376,2022-10-26 20:15:02,finished
9,3542,2024-08-16 22:05:00,8,20578,3,8195,2022-08-28 09:34:45,canceled
3,2907,2024-03-03 15:33:43,3,4824,4,4926,2020-03-27 23:54:40,finished
1,13298,2024-01-31 23:07:22,10,5235,1,1366,2021-05-22 12:57:38,canceled
1,16163,2024-05-15 04:36:15,1,18751,4,5758,2023-07-08 05:38:30,canceled
2,7469,2024-08-01 04:19:13,7,24297,9,1973,2021-08-03 04:21:42,finished
2,12373,2024-05-01 04:19:33,10,22635,4,4498,2022-09-10 04:28:58,finished
7,26257,2024-10-23 12:47:41,8,20128,4,4696,2023-03-30 17:20:57,canceled
3,21485,2024-09-06 15:33:53,2,22474,5,3283,2023-11-22 04:17:04,finished
5,4694,2024-07-20 16:00:42,1,19010,6,2139,2022-01-24 13:59:35,canceled
3,10304,2024-03-18 18:48:28,6,25761,0,5445,2023-08-16 05:12:49,finished
6,4611,2024-01-18 17:24:38,7,5726,2,5486,2022-08-21 03:08:25,finished
8,2937,2024-08-08 12:25:40,10,21289,8,4989,2021-03-03 07:22:30,finished
9,13178,2024-04-16 01:09:22,1,204,4,2836,2024-04-16 08:22:38,finished
6,3723,2024-05-13 15:55:01,8,29735,2,7446,2024-08-17 02:04:02,finished
3,10828,2024-04-12 16:30:05,1,2215,3,4662,2024-05-23 05:26:20,canceled
10,17452,2024-01-10 23:33:55,8,10776,6,5182,2021-05-01 00:42:15,finished
3,15144,2024-02-10 03:52:21,4,8841,7,5452,2022-02-19 21:16:33,canceled
9,22105,2024-06-22 00:34:16,5,26902,8,6797,2020-09-24 17:18:56,finished
4,2524,2024-07-16 01:56:37,2,7737,5,4154,2024-01-28 15:13:56,finished
7,26160,2024-05-20 16:36:07,6,9726,7,6501,2021-11-26 02:34:47,finished
5,16246,2024-04-12 06:21:15,5,16468,1,6694,2022-06-07 14:22:35,finished
9,10807,2024-10-05 08:55:48,4,29027,7,6144,2020-11-22 18:32:17,finished
7,18039,2024-02-09 06:04:15,5,14540,9,6688,2023-07-23 15:43:15,canceled
2,1653,2024-01-13 02:49:31,10,19933,9,5258,2024-04-25 20:46:52,canceled
1,17739,2024-07-15 04:04:35,9,1750,3,2216,2020-03-14 10:20:53,canceled
9,10425,2024-03-30 00:02:49,1,12758,3,1931,2023-03-13 01:32:01,canceled
8,7914,2024-07-27 15:45:41,8,1612,2,9088,2024-05-25 15:43:17,canceled
6,23707,2024-07-16 07:49:40,10,20718,7,6882,2022-03-23 02:29:42,finished
5,9466,2024-08-27 10:36:41,6,26026,3,1471,2022-08-09 18:05:51,canceled
1,13558,2024-03-23 06:52:28,6,14424,8,8989,2023-12-25 17:11:39,canceled
1,7903,2024-03-25 20:11:40,7,14099,5,1941,2024-03-10 14:22:23,canceled
9,15087,2024-08-16 06:42:02,7,16954,0,3317,2022-12-15 01:44:27,canceled
3,1194,2024-06-10 15:55:44,7,14627,7,9036,2024-10-29 11:07:28,finished
4,2507,2024-06-10 14:14:28,8,24337,0,7562,2022-11-23 01:19:54,canceled
7,13388,2024-10-18 06:00:45,8,8990,9,8216,2023-11-06 21:36:10,finished
3,22654,2024-06-28 03:58:19,9,28986,6,7498,2024-03-02 07:38:59,canceled
3,3343,2024-09-17 21:32:59,10,2853,3,6505,2024-10-09 06:25:45,finished
1,6992,2024-10-12 04:28:56,1,22590,4,6210,2023-05-16 07:49:45,finished
5,21766,2024-09-22 03:08:29,8,9495,1,6631,2020-05-29 08:03:49,canceled
6,19635,2024-10-15 14:12:19,8,5645,5,9752,2020-07-02 01:34:12,canceled
4,29417,2024-11-06 02:13:36,9,815,1,8440,2021-12-31 19:16:40,finished
8,5382,2024-08-09 20:52:21,6,13719,7,2459,2022-01-04 09:36:53,finished
7,11444,2024-07-20 02:20:40,7,6128,3,3333,2021-07-03 20:53:17,finished
7,28286,2024-07-25 22:17:19,6,11911,0,3747,2022-11-13 19:39:30,canceled
9,2430,2024-08-22 15:40:27,1,22950,4,7057,2022-08-25 14:37:06,canceled
5,1993,2024-06-24 11:18:48,5,16916,4,5886,2023-03-16 20:48:45,canceled
6,24860,2024-08-21 20:58:17,6,4356,0,8272,2022-09-28 00:33:26,finished
7,15350,2024-04-12 01:04:24,10,2445,1,6398,2020-10-04 04:12:18,canceled
8,10648,2024-02-11 17:41:28,5,6981,2,9255,2020-09-22 19:34:05,canceled
2,27480,2024-10-15 20:52:16,2,2926,6,9989,2022-11-04 15:39:41,finished
2,23312,2024-02-11 04:00:26,4,29937,1,6050,2024-09-27 14:50:01,canceled
9,16839,2024-10-16 16:44:31,10,7904,10,6154,2020-10-21 06:21:20,canceled
7,21171,2024-03-13 18:10:03,4,15928,5,6677,2024-01-26 16:29:13,finished
9,19349,2024-10-24 08:12:59,10,1978,3,8910,2024-08-14 09:15:02,finished
4,23518,2024-07-25 21:03:32,4,16009,5,4507,2020-07-09 13:35:52,finished
5,25705,2024-05-20 06:24:45,6,6409,4,8250,2021-02-19 18:34:42,finished
10,4409,2024-01-06 05:53:10,9,26386,1,1183,2023-10-28 04:58:25,finished
6,25830,2024-01-28 04:27:21,2,15901,2,9363,2024-01-07 22:53:07,finished
9,3859,2024-05-04 04:00:21,6,21032,3,3762,2021-05-18 09:10:49,canceled
5,556,2024-01-05 11:21:44,1,11894,1,9502,2021-09-24 21:32:54,finished
2,12506,2024-10-09 05:14:44,10,27234,10,1282,2022-08-09 18:43:19,finished
7,7377,2024-03-17 12:41:40,4,10699,8,2707,2020-04-23 01:29:47,finished
5,24354,2024-06-28 11:21:29,10,27097,0,9038,2020-03-29 09:44:06,canceled
4,3416,2024-07-11 10:08:56,8,25277,5,8280,2020-01-12 02:41:12,finished
10,22402,2024-10-03 17:09:26,8,15487,9,2488,2022-12-19 16:29:43,canceled
7,3847,2024-01-24 17:57:26,6,5790,0,2067,2024-04-22 03:34:33,canceled
7,9623,2024-11-01 02:01:34,2,8241,7,4614,2023-01-05 13:35:24,canceled
2,8672,2024-09-16 11:12:54,4,20000,10,9360,2021-09-13 11:31:46,finished
7,14010,2024-05-30 11:49:47,5,3166,4,4687,2020-01-24 04:23:27,finished
6,23576,2024-01-08 13:43:45,1,2951,0,6966,2021-09-17 12:08:49,finished
3,12392,2024-09-12 14:28:44,2,8913,2,4174,2023-05-31 10:05:36,finished
9,10028,2024-05-18 06:58:23,1,19398,4,4107,2020-12-07 18:34:13,finished
9,26741,2024-10-27 23:25:38,8,17200,9,8465,2021-11-09 15:35:58,canceled
4,16698,2024-11-07 23:16:57,5,26862,4,8567,2021-05-13 16:34:15,canceled
6,3279,2024-05-03 22:02:03,6,13497,8,9291,2024-04-08 07:05:32,finished
2,4199,2024-08-23 04:56:25,4,16825,9,3873,2024-09-18 13:11:22,finished
2,20519,2024-03-30 15:59:54,6,29080,1,6930,2021-02-28 05:11:02,finished
3,25614,2024-01-28 21:13:18,3,23106,7,6018,2020-07-07 18:29:48,canceled
5,11032,2024-04-24 23:45:52,8,28924,10,6273,2020-12-20 01:54:33,canceled
2,10652,2024-05-14 01:37:03,4,26690,3,2755,2024-08-26 14:33:36,canceled
9,22915,2024-09-29 06:27:02,7,28451,3,5106,2020-03-20 01:03:36,finished
6,1302,2024-07-29 18:31:48,1,25271,8,9497,2021-08-09 20:18:07,finished
5,28007,2024-07-20 23:41:38,10,2089,2,2544,2021-10-05 12:05:21,finished
1,4153,2024-06-30 21:19:29,10,20556,5,3284,2020-10-31 12:08:35,canceled
7,7260,2024-01-29 08:30:24,5,25727,7,4082,2024-03-18 01:45:31,finished
2,24137,2024-08-07 15:35:16,7,22574,4,5017,2021-01-11 16:38:52,canceled
10,18314,2024-03-09 08:58:19,6,5620,2,9637,2023-09-15 02:15:04,canceled
6,4457,2024-09-14 03:20:58,7,21732,1,3421,2021-09-11 22:54:44,canceled
3,8277,2024-03-27 12:53:56,1,21193,2,9460,2024-10-28 14:31:37,canceled
3,12993,2024-02-01 07:29:53,4,18563,7,8770,2024-05-04 02:48:24,finished
8,9226,2024-04-13 08:09:15,8,19210,4,8251,2024-10-15 17:33:59,finished
6,19167,2024-06-18 23:21:31,1,26406,9,8060,2024-07-31 16:13:40,canceled
6,21897,2024-02-23 22:24:19,5,11592,4,1139,2021-04-27 01:20:14,finished
2,19154,2024-09-20 15:13:15,6,19768,5,4215,2022-09-27 22:01:45,canceled
5,11690,2024-06-30 02:50:42,9,10881,6,2105,2020-08-09 02:47:39,finished
5,27239,2024-06-15 00:35:20,4,13053,9,7572,2021-06-04 17:06:19,finished
10,14710,2024-10-03 00:02:12,6,20133,0,9257,2022-06-30 22:32:30,finished
3,9855,2024-08-09 21:36:08,9,17439,9,2904,2021-11-19 15:39:00,finished
4,4928,2024-03-11 15:11:41,10,16099,9,6287,2020-10-25 01:31:47,canceled
10,27236,2024-06-15 21:07:49,10,22491,0,3472,2023-04-18 05:47:14,canceled
4,9561,2024-01-20 21:51:26,6,29795,0,4712,2022-07-20 02:47:34,finished
6,9265,2024-09-11 13:44:59,1,5498,5,4896,2023-02-16 13:57:22,canceled
9,18520,2024-01-17 16:22:07,2,24823,3,2560,2024-11-04 11:48:01,finished
9,119,2024-06-28 13:10:37,3,18041,10,4468,2020-06-13 04:59:17,finished
9,16472,2024-09-22 10:17:44,10,20509,6,8413,2022-12-19 14:52:38,canceled
1,25382,2024-04-11 04:32:28,5,8285,0,5748,2022-06-23 19:51:31,canceled
7,15753,2024-03-07 06:15:33,3,21178,5,9983,2022-05-04 02:08:43,finished
3,26929,2024-08-12 19:28:01,2,19315,9,2442,2020-02-23 16:12:30,finished
2,23216,2024-01-13 03:38:13,3,2123,6,9840,2020-12-20 02:06:16,finished
1,8142,2024-10-02 07:59:20,4,28325,9,7843,2024-03-13 03:43:21,finished
10,17693,2024-09-01 21:42:04,6,26562,4,3245,2023-02-05 20:25:00,finished
6,12613,2024-02-06 20:19:29,6,19433,2,6441,2021-01-27 07:03:12,canceled
10,163,2024-07-25 02:26:41,7,12646,3,7645,2020-02-28 20:44:34,finished
10,13082,2024-11-08 07:16:46,1,12644,6,7603,2023-04-09 15:26:03,canceled
3,5808,2024-04-05 23:46:31,3,10119,10,6588,2022-09-26 21:50:24,finished
6,20121,2024-02-23 18:21:56,5,25680,8,1624,2023-11-25 20:06:06,finished
8,15379,2024-03-15 21:03:57,3,22122,4,4288,2023-01-07 22:07:38,canceled
2,28188,2024-01-09 04:09:49,3,3381,9,2522,2021-02-26 06:53:47,finished
6,4466,2024-05-31 02:59:40,2,11248,5,3452,2023-04-27 01:15:28,canceled
7,17735,2024-07-10 05:17:13,9,8084,0,4813,2022-04-06 11:59:11,finished
1,7471,2024-08-13 06:06:57,10,22490,4,6303,2020-02-07 05:11:28,finished
3,18369,2024-07-01 03:23:15,1,8180,4,6017,2023-10-01 09:38:01,finished
9,16880,2024-02-14 22:15:35,9,19454,1,3817,2020-04-09 18:35:37,canceled
10,25254,2024-02-22 17:51:05,9,28746,3,8036,2020-08-22 03:56:04,canceled
3,28053,2024-07-20 22:20:12,6,8849,8,9199,2020-04-30 21:07:27,canceled
2,21713,2024-05-30 08:32:29,1,25453,8,2200,2023-02-11 11:07:22,finished
10,25568,2024-09-15 22:54:53,6,8344,6,9529,2022-01-25 00:01:57,finished
2,16555,2024-01-07 02:37:48,7,21573,3,9549,2023-06-07 16:52:21,canceled
3,29884,2024-05-02 19:08:59,6,4618,1,8779,2023-09-09 16:56:39,finished
9,29021,2024-03-20 03:44:25,4,795,7,6746,2024-09-26 06:17:45,finished
2,6987,2024-11-03 06:14:51,7,17950,0,8896,2022-07-09 07:00:38,finished
5,1280,2024-09-20 10:19:26,5,27955,7,3071,2020-03-17 10:29:13,canceled
8,26692,2024-07-16 19:15:40,6,26622,5,6459,2021-04-10 20:10:30,canceled
1,29344,2024-04-02 00:14:30,2,8952,5,9021,2022-03-26 07:55:10,finished
8,6820,2024-01-02 04:15:32,10,4477,3,2241,2024-07-01 01:13:23,canceled
5,19541,2024-03-07 01:02:49,6,4764,9,2596,2020-12-12 04:29:34,canceled
8,22421,2024-05-10 14:55:58,1,22092,3,9653,2024-03-07 10:22:59,finished
8,12306,2024-06-07 16:25:16,5,28490,3,8799,2021-06-12 21:44:14,finished
7,7772,2024-04-19 02:16:14,7,9030,2,6356,2023-09-28 09:34:52,finished
10,27357,2024-04-04 14:46:18,1,23166,8,8651,2022-12-03 18:35:57,canceled
7,23790,2024-01-09 23:03:28,1,20328,5,2517,2023-08-19 08:33:54,canceled
9,22168,2024-10-18 13:10:46,8,11611,10,7988,2021-08-27 09:24:02,finished
10,27633,2024-07-22 03:12:51,3,17561,6,1303,2024-02-11 16:07:10,finished
9,20296,2024-01-08 21:10:37,8,11886,8,7814,2024-07-21 13:22:13,canceled
6,14535,2024-05-03 16:07:53,2,29625,5,6305,2023-11-14 23:37:51,finished
2,5359,2024-01-18 05:01:52,3,661,10,3193,2023-07-02 07:00:38,canceled
4,1251,2024-10-05 11:20:56,6,19503,8,9417,2023-12-25 01:10:55,finished
9,14112,2024-02-13 23:47:44,6,18095,5,7162,2023-04-28 08:01:34,finished
10,6928,2024-01-15 15:14:31,6,1183,7,4081,2024-04-25 23:33:39,canceled
5,602,2024-07-18 23:35:33,9,5719,4,3016,2021-09-05 15:51:49,canceled
3,3380,2024-08-23 10:04:58,8,6012,3,1529,2022-10-17 02:46:04,finished
4,6746,2024-08-20 20:08:01,2,23683,0,6167,2020-06-28 11:33:52,finished
2,21289,2024-02-20 14:25:35,7,18336,10,3280,2024-09-03 19:00:30,canceled
9,17479,2024-07-07 12:57:24,4,2215,1,6819,2020-07-07 13:20:06,finished
5,21180,2024-04-16 01:44:57,3,2825,6,1902,2022-12-31 07:47:09,canceled
3,15807,2024-09-27 05:01:18,8,10371,9,6111,2022-02-06 12:56:01,canceled
4,5769,2024-05-06 19:47:55,5,28861,8,2971,2020-07-31 03:09:36,canceled
3,949,2024-04-09 07:17:34,1,29624,2,9000,2023-09-14 14:59:34,finished
9,27687,2024-09-06 01:14:21,2,9001,2,7433,2022-12-19 17:34:14,canceled
3,18788,2024-06-19 21:53:19,8,8396,6,1447,2024-04-04 20:36:29,canceled
5,12209,2024-07-31 05:59:03,9,4887,6,8130,2022-03-22 00:22:30,finished
1,17436,2024-10-28 00:32:36,8,3352,5,1596,2021-07-28 14:43:27,canceled
8,29119,2024-06-08 10:42:46,10,16101,4,8954,2024-08-25 11:19:37,canceled
4,20286,2024-04-11 04:15:54,7,25214,4,5090,2022-07-01 04:05:50,canceled
9,775,2024-01-14 17:20:55,6,21549,10,6826,2021-02-03 06:38:24,canceled
3,9984,2024-05-18 09:06:09,10,28015,3,3624,2021-09-04 11:41:00,canceled
7,1653,2024-01-24 08:37:16,9,3798,6,7423,2022-06-23 00:48:37,canceled
4,15068,2024-07-12 07:25:33,6,11302,4,2980,2020-07-21 15:53:39,finished
2,23301,2024-03-29 07:36:58,7,234,4,9585,2023-11-10 22:43:11,canceled
6,23618,2024-07-05 13:56:37,1,13580,1,4632,2021-07-02 01:52:13,finished
9,6760,2024-08-05 11:57:38,3,3900,10,1800,2020-12-25 15:15:26,canceled
2,28598,2024-02-21 21:08:22,2,2046,0,1634,2020-04-19 22:34:07,finished
1,4631,2024-07-08 00:58:38,10,3288,6,3691,2022-03-03 04:41:14,finished
7,2253,2024-04-06 21:25:44,4,27117,10,9512,2023-07-04 01:18:58,finished
5,16135,2024-06-02 01:42:48,6,16780,10,5361,2024-04-11 14:10:46,finished
5,20283,2024-07-02 09:59:00,5,28996,5,3498,2023-12-03 20:56:24,canceled
9,20862,2024-07-21 15:33:03,1,29484,8,6926,2020-03-27 00:01:59,finished
7,45,2024-02-05 08:29:18,2,13146,1,8126,2021-03-10 14:20:33,finished
4,26620,2024-01-16 03:45:57,8,4712,3,5415,2024-04-29 05:49:58,finished
9,4231,2024-04-30 07:45:53,10,14521,8,9326,2024-02-04 21:02:27,canceled
2,13875,2024-10-18 13:11:39,1,21804,1,4764,2021-06-20 19:37:18,canceled
1,21316,2024-02-26 08:07:46,4,15026,7,4337,2022-02-02 14:50:23,finished
8,11821,2024-09-03 20:10:35,7,17095,1,7489,2022-10-25 18:07:27,finished
6,13480,2024-05-27 01:33:28,9,9753,10,5187,2023-04-20 14:25:13,canceled
8,20637,2024-03-16 22:36:02,7,2143,2,9733,2020-07-22 22:07:56,canceled
8,1224,2024-08-21 11:31:38,1,11060,4,3153,2023-08-23 16:07:49,finished
9,20736,2024-01-24 10:38:18,3,3775,7,3522,2022-02-01 14:11:53,finished
7,21714,2024-06-10 09:33:45,7,29192,2,8617,2020-04-23 05:06:14,canceled
3,3083,2024-03-19 15:42:45,1,13652,10,1275,2021-06-29 09:33:59,finished
10,562,2024-06-02 13:45:20,3,2013,1,9114,2023-05-24 22:04:38,finished
10,2923,2024-02-24 03:19:48,1,4588,8,2939,2024-03-04 15:10:07,canceled
10,8072,2024-01-08 12:11:40,9,22337,5,6751,2024-08-30 22:11:41,canceled
4,8648,2024-08-10 21:29:21,4,27355,0,5125,2024-08-01 09:14:11,finished
8,5156,2024-02-28 18:38:26,10,19114,3,1004,2020-10-04 07:02:44,canceled
3,29829,2024-10-29 04:29:41,1,5981,4,7889,2022-05-20 00:52:53,finished
6,29875,2024-06-22 08:49:09,6,5143,1,1311,2021-12-31 04:26:48,finished
7,19787,2024-09-21 15:35:16,10,5563,0,6935,2024-06-01 07:42:44,finished
3,24347,2024-08-24 11:47:54,6,22882,0,7929,2021-03-24 19:12:10,finished
8,29285,2024-10-27 20:59:44,7,26802,0,8529,2022-09-27 18:26:10,finished
8,18369,2024-02-26 08:05:52,10,25578,8,3112,2021-10-16 01:15:38,finished
2,23465,2024-06-03 09:13:04,2,28011,1,3403,2024-08-21 12:51:02,finished
2,27528,2024-06-03 20:08:00,2,18182,4,9871,2023-06-10 19:51:18,finished
1,15796,2024-10-27 15:09:42,2,20454,1,4649,2022-06-24 10:04:27,finished
2,9632,2024-10-03 09:01:39,10,15244,0,2896,2024-03-16 04:16:24,finished
4,1786,2024-02-27 05:54:56,5,28905,6,8357,2024-01-27 13:47:41,finished
2,2586,2024-03-23 11:41:35,10,10880,5,3827,2023-01-09 11:16:49,finished
3,8821,2024-04-11 04:45:29,2,24987,6,7099,2024-10-07 19:08:34,canceled
4,18682,2024-11-08 06:48:17,8,6022,10,1117,2023-08-27 01:23:27,finished
4,8316,2024-07-22 08:55:51,4,29979,10,2942,2024-04-10 11:54:31,finished
9,27399,2024-07-06 03:11:04,8,11946,0,8673,2024-02-23 08:56:16,finished
8,13526,2024-05-25 04:41:07,1,11724,1,8466,2024-01-28 15:39:23,canceled
8,1809,2024-04-09 18:08:28,10,3930,3,7904,2023-10-21 13:11:00,finished
7,9547,2024-06-20 04:54:16,8,29184,3,2503,2020-06-14 03:10:55,finished
5,10758,2024-09-21 22:57:05,1,19033,5,9870,2023-12-22 07:12:13,finished
3,24395,2024-03-06 02:38:14,2,25114,2,5765,2023-12-03 23:30:26,canceled
6,15053,2024-07-10 05:47:22,10,6541,5,4157,2024-06-29 04:44:54,finished
10,8806,2024-10-24 08:35:25,9,4763,9,7587,2021-03-22 03:41:33,finished
8,2455,2024-03-26 08:58:56,7,26753,0,7272,2020-06-18 18:32:30,canceled
8,2211,2024-02-26 00:14:45,3,19251,2,5923,2023-10-12 04:16:58,finished
5,27573,2024-02-03 14:31:30,9,2583,0,1598,2024-05-14 15:05:20,finished
10,12225,2024-05-10 18:08:30,1,8050,4,9703,2021-07-16 22:01:03,finished
10,6741,2024-04-12 04:30:34,8,737,9,9610,2022-04-28 13:25:55,finished
10,21859,2024-03-09 22:22:07,5,15089,10,2733,2024-02-11 10:37:07,canceled
10,1108,2024-02-18 02:25:51,7,20737,3,2766,2023-02-03 07:17:17,canceled
2,21228,2024-08-17 03:12:01,10,28952,8,9186,2020-01-24 15:53:14,finished
9,893,2024-10-12 06:29:30,1,22571,2,5676,2020-02-07 21:20:12,canceled
1,15471,2024-04-26 08:49:04,7,23393,1,4202,2022-05-10 20:02:03,finished
1,5679,2024-10-22 19:47:03,7,29584,2,1405,2024-10-25 18:10:28,finished
5,26291,2024-08-26 10:15:47,9,21693,6,1729,2021-01-24 18:56:21,canceled
3,18850,2024-04-16 17:39:15,3,28748,10,1080,2022-10-19 19:26:12,finished
4,25151,2024-11-01 09:57:24,2,11188,6,7169,2023-03-28 12:51:58,canceled
4,15137,2024-02-17 20:17:27,5,22010,9,5919,2020-11-08 03:15:43,finished
10,8371,2024-10-14 21:31:31,4,28435,9,8913,2024-11-07 01:02:10,finished
9,6356,2024-08-06 04:27:01,3,22231,2,8530,2022-12-16 15:53:36,finished
10,10111,2024-04-02 04:14:05,8,8994,0,7021,2022-03-12 01:49:00,finished
4,6641,2024-04-26 09:28:43,4,10716,6,3514,2021-12-23 22:08:30,canceled
9,24264,2024-04-01 10:16:25,7,5478,3,1631,2022-12-14 20:30:31,canceled
4,10794,2024-05-07 22:22:22,10,21435,8,9893,2024-07-21 01:19:58,canceled
1,11391,2024-07-12 15:21:00,1,26907,7,6235,2024-05-11 11:47:53,finished
2,24892,2024-01-13 01:54:25,9,9385,2,2961,2021-10-22 01:31:06,canceled
3,23453,2024-11-08 02:40:42,3,29813,5,9864,2023-10-17 03:43:59,canceled
7,20223,2024-08-14 18:16:39,4,6534,0,2072,2023-11-28 06:44:04,canceled
8,25565,2024-04-15 11:50:08,3,20884,1,6076,2024-10-08 22:40:32,canceled
9,17891,2024-10-10 14:40:48,1,11757,10,4927,2023-06-02 23:19:13,canceled
3,28435,2024-02-20 11:47:00,5,28926,6,4733,2020-01-26 06:22:08,finished
2,26410,2024-09-23 12:14:40,5,11306,0,2154,2024-09-14 21:43:23,finished
5,4969,2024-08-04 06:19:08,8,10909,6,1888,2020-04-25 20:58:56,finished
8,7088,2024-01-02 11:34:46,9,23471,4,6547,2024-01-25 08:33:54,canceled
7,12900,2024-02-17 02:29:39,3,28798,10,1145,2021-11-09 08:34:39,canceled
6,2053,2024-08-22 19:39:10,4,12998,0,6287,2021-12-05 11:58:45,canceled
8,13119,2024-02-01 05:23:24,7,17037,7,3223,2020-02-13 13:32:17,canceled
8,3686,2024-04-26 05:02:23,1,7724,3,4174,2022-04-25 09:51:15,finished
7,19372,2024-10-17 14:29:51,1,4463,10,3634,2022-12-18 03:01:17,canceled
9,9140,2024-05-31 16:35:00,5,15240,5,3053,2024-06-12 07:25:23,finished
10,3771,2024-01-11 23:32:52,10,27507,9,4494,2020-04-01 14:31:39,canceled
9,25144,2024-06-04 11:11:10,2,23895,9,2297,2023-09-06 01:20:04,finished
1,7546,2024-10-11 02:25:50,10,15461,3,9981,2024-02-06 20:56:38,finished
6,19040,2024-09-22 05:31:44,5,27949,9,6699,2021-01-08 18:13:09,canceled
9,26259,2024-03-01 14:51:21,5,11226,10,1066,2024-01-22 00:00:55,finished
8,24730,2024-08-11 21:08:57,9,21875,5,9784,2021-12-06 13:09:04,finished
10,18571,2024-02-21 14:49:00,9,13003,10,4677,2022-03-21 09:36:35,canceled
3,7219,2024-05-10 06:08:55,8,23533,6,5321,2020-08-10 22:35:17,finished
6,11406,2024-02-03 16:35:53,6,12550,0,9199,2023-04-01 09:04:05,canceled
1,9088,2024-08-12 11:42:16,7,4379,5,5934,2023-04-25 03:25:58,finished
8,11468,2024-06-10 01:19:53,5,25258,1,4693,2023-03-27 16:10:06,canceled
10,13327,2024-03-10 15:26:57,4,8827,1,3346,2021-12-25 07:04:16,finished
9,16875,2024-03-28 21:07:45,6,2962,3,5063,2023-07-12 05:41:05,canceled
6,10478,2024-04-08 10:53:32,4,3823,1,8868,2023-06-08 18:16:34,canceled
10,10590,2024-10-23 01:07:13,10,15006,7,6502,2024-09-23 07:10:16,canceled
2,17016,2024-08-26 10:03:35,5,27458,9,2374,2023-02-01 21:18:42,canceled
3,24029,2024-11-04 12:38:22,7,26789,9,5991,2024-10-13 16:56:18,finished
1,17846,2024-05-21 00:59:17,5,17974,6,5958,2022-11-27 08:54:38,canceled
3,17582,2024-06-03 15:44:24,2,5834,0,3383,2022-11-18 16:40:39,canceled
6,28901,2024-07-19 10:54:50,8,21352,3,9533,2023-05-28 18:26:57,finished
4,19416,2024-02-27 05:55:03,7,607,8,9763,2020-11-27 19:43:39,finished
4,1124,2024-04-06 18:56:18,4,18626,8,7883,2023-05-21 05:26:01,canceled
10,29460,2024-01-08 19:36:01,4,24309,5,7241,2020-04-30 16:11:11,finished
2,22373,2024-06-03 04:13:00,8,21784,6,1226,2021-04-23 07:41:05,finished
5,19828,2024-01-02 04:49:19,10,18836,0,3908,2024-02-17 16:38:21,finished
1,5744,2024-06-25 06:06:40,10,25005,9,8013,2021-10-31 05:20:45,canceled
5,2244,2024-02-05 03:01:48,10,10367,9,9970,2024-04-01 17:28:36,finished
6,4551,2024-04-12 18:23:17,5,28276,3,3639,2023-07-18 17:46:18,finished
8,25254,2024-03-14 10:51:41,3,9232,10,6360,2022-03-23 12:04:52,finished
5,12229,2024-01-06 18:36:47,7,27500,10,1775,2024-03-20 18:23:43,finished
4,22966,2024-05-05 13:39:42,4,14162,3,1251,2021-03-15 17:30:10,finished
9,9886,2024-07-29 08:28:08,7,29789,8,9121,2020-12-13 06:17:42,canceled
9,13736,2024-02-07 11:52:22,6,17809,10,2491,2024-02-19 15:46:26,finished
4,2300,2024-05-24 04:50:56,6,18992,9,4072,2021-03-21 02:44:40,finished
9,162,2024-03-16 17:54:45,7,23681,5,5670,2022-09-15 20:34:30,canceled
6,12130,2024-10-23 18:31:47,4,29253,9,3041,2023-01-13 12:44:37,finished
5,20704,2024-06-21 23:31:50,8,1664,3,1819,2023-07-24 22:20:56,canceled
7,11608,2024-02-05 02:33:47,4,23480,2,2055,2022-08-20 02:23:59,finished
7,8146,2024-04-01 15:08:58,3,18471,10,8040,2024-02-07 17:44:49,finished
5,6536,2024-10-07 02:16:42,5,28988,2,6441,2020-12-15 21:11:54,finished
2,20842,2024-07-12 20:11:20,7,12511,2,2450,2022-07-25 12:02:15,finished
9,22013,2024-07-20 19:35:57,8,5742,9,7860,2022-01-30 09:22:12,canceled
10,13513,2024-04-30 11:12:52,4,396,6,5433,2020-03-30 16:08:27,canceled
4,28287,2024-02-19 07:30:39,7,14672,1,6772,2024-09-11 11:02:28,finished
10,12163,2024-07-14 02:16:14,10,10810,10,9149,2020-05-23 13:29:48,finished
8,15690,2024-02-28 10:10:15,7,20661,8,7135,2021-09-04 21:31:06,finished
8,344,2024-01-22 13:12:06,4,22703,1,4593,2024-08-30 21:36:41,finished
6,27471,2024-10-26 21:56:32,4,25371,9,1201,2021-01-09 11:51:22,canceled
3,23305,2024-08-13 03:43:47,8,5018,3,1934,2024-01-24 06:04:43,canceled
1,22533,2024-03-23 08:54:06,5,5596,7,3424,2020-04-19 08:48:31,canceled
1,3420,2024-10-23 08:51:11,2,27955,9,8738,2024-01-29 01:48:09,finished
3,10529,2024-10-08 15:42:03,8,28625,5,1566,2022-08-21 13:22:57,finished
3,14805,2024-06-24 19:17:28,8,24908,6,9658,2022-01-31 05:25:29,finished
10,11606,2024-07-16 04:12:14,4,24824,5,7902,2020-06-11 21:38:35,finished
1,4874,2024-06-30 11:08:14,9,2686,6,4900,2022-01-18 06:56:07,finished
10,13610,2024-05-23 02:54:54,5,25821,6,4014,2023-09-14 06:01:12,canceled
4,1888,2024-03-22 12:01:27,4,3097,3,1081,2024-02-08 20:18:35,canceled
1,2676,2024-09-03 16:17:40,8,6920,10,7616,2020-01-12 07:13:34,finished
5,4183,2024-03-27 13:29:51,2,11703,3,1660,2021-08-26 01:42:57,finished
8,26541,2024-09-07 17:43:17,7,842,7,3355,2023-06-15 05:14:51,canceled
5,24660,2024-08-24 10:16:10,5,28850,3,4152,2023-02-23 07:00:40,finished
4,3323,2024-06-21 23:53:45,4,21604,5,3385,2024-07-12 07:31:20,canceled
8,3516,2024-03-01 11:16:04,9,4332,2,3533,2022-04-13 00:03:56,finished
6,21324,2024-10-10 23:54:14,7,23747,10,4800,2022-06-11 15:23:58,finished
6,15051,2024-02-05 20:16:08,4,16228,10,3686,2023-03-29 02:01:49,finished
5,4809,2024-01-24 22:21:36,6,14302,7,4733,2022-01-14 20:46:43,finished
7,23030,2024-08-21 04:19:33,4,28152,9,8346,2024-05-24 13:51:18,canceled
1,16537,2024-03-26 16:04:04,6,22097,6,2538,2023-01-10 05:43:25,finished
2,27560,2024-01-04 21:50:25,3,14632,8,1695,2020-02-26 20:37:42,finished
4,5772,2024-09-08 18:11:28,9,14325,4,1333,2022-05-07 10:47:01,finished
1,92,2024-02-13 16:59:22,3,16933,9,5154,2024-08-03 15:47:56,finished
8,23544,2024-11-03 12:13:55,2,2880,8,7459,2024-10-10 18:07:16,finished
4,9657,2024-08-04 21:24:26,3,15965,0,4130,2023-08-08 17:00:41,canceled
10,5514,2024-03-01 07:28:10,2,2047,2,7793,2024-09-13 19:53:47,finished
1,15277,2024-06-19 02:14:16,1,24157,1,5842,2020-02-05 20:55:43,canceled
7,10249,2024-04-09 21:06:03,10,23329,10,4616,2021-09-12 13:16:41,finished
2,21480,2024-03-18 12:26:16,5,697,0,4913,2022-08-21 01:14:54,finished
5,12206,2024-01-19 22:34:21,3,9507,6,9237,2022-04-16 13:35:50,canceled
8,12569,2024-01-16 00:32:18,1,20708,9,7760,2020-07-21 04:30:11,canceled
10,3775,2024-09-08 15:21:17,7,9600,8,6675,2020-05-18 13:26:21,finished
4,5754,2024-01-21 02:40:58,8,4530,6,9350,2021-11-12 08:27:11,canceled
9,23788,2024-10-14 09:53:12,3,14739,8,9423,2022-06-28 16:13:03,canceled
7,23734,2024-07-30 08:02:53,2,27680,5,3326,2020-10-18 23:01:57,finished
5,27248,2024-07-07 20:02:21,1,6134,3,2472,2024-08-13 14:55:05,canceled
4,12696,2024-02-05 07:39:59,9,29648,7,4775,2023-02-16 23:36:19,finished
2,1489,2024-10-06 21:36:26,6,2908,4,4175,2024-09-06 07:26:10,finished
10,26658,2024-03-22 19:30:02,7,10234,5,3687,2020-06-11 12:08:10,canceled
9,5955,2024-08-08 05:55:52,2,7753,9,5494,2024-05-11 05:04:16,finished
8,4491,2024-03-06 15:37:33,4,20709,3,3913,2020-04-24 13:56:55,finished
5,29835,2024-05-21 13:55:03,4,2912,0,7717,2023-12-19 02:03:37,canceled
7,27990,2024-04-07 14:53:21,6,27412,2,1641,2020-02-05 20:29:49,finished
4,4903,2024-10-01 11:13:38,8,22458,2,2562,2022-03-25 00:52:09,finished
5,23796,2024-06-03 11:34:51,5,24597,0,5986,2021-11-12 04:44:45,canceled
10,26557,2024-06-10 04:20:04,1,7495,6,5462,2024-08-06 05:03:52,finished
8,17673,2024-04-19 18:31:55,8,24602,7,7674,2021-09-10 12:12:47,canceled
4,25094,2024-08-30 17:31:52,7,8551,5,7982,2021-01-31 18:12:07,finished
6,26760,2024-05-08 07:50:21,6,1364,3,6126,2024-10-08 10:57:56,finished
10,16329,2024-02-20 10:08:48,1,28438,7,9393,2024-04-09 08:16:19,canceled
10,21976,2024-02-16 23:01:47,2,1436,5,4352,2021-02-10 18:16:53,finished
6,10019,2024-09-10 14:56:10,7,8620,2,9321,2021-03-01 05:51:46,finished
2,28089,2024-01-04 08:08:48,9,2172,4,5240,2020-06-05 06:04:27,finished
5,1815,2024-09-06 06:31:41,10,27158,10,5898,2022-02-11 15:11:52,canceled
4,18773,2024-10-23 10:39:22,9,10333,3,9311,2021-09-25 12:33:47,canceled
10,17590,2024-02-27 04:06:52,5,18814,4,8954,2024-07-27 23:43:52,canceled
9,6093,2024-09-13 14:21:54,10,26699,8,5813,2020-02-13 12:11:46,canceled
6,17252,2024-03-19 05:20:08,7,17142,7,1618,2024-09-13 04:13:17,finished
9,20104,2024-04-10 23:22:58,10,5227,3,1806,2024-03-05 01:38:34,finished
1,2642,2024-05-06 12:27:09,3,275,3,1173,2024-02-09 19:57:19,canceled
1,26063,2024-03-09 04:30:54,8,1526,7,7862,2024-01-24 11:05:38,canceled
5,5899,2024-03-19 10:21:18,9,593,8,7659,2020-06-09 20:32:27,canceled
5,10521,2024-07-30 10:49:53,6,19214,4,2322,2021-03-15 15:16:27,canceled
6,7091,2024-06-06 12:56:27,1,13784,7,8405,2022-07-22 01:41:04,finished
2,20374,2024-01-28 13:26:38,2,14097,4,3244,2021-03-20 06:16:00,finished
1,8709,2024-09-09 16:45:35,10,20773,0,4285,2024-07-28 09:09:19,canceled
10,4513,2024-05-11 08:44:29,2,19913,5,2814,2023-08-14 21:40:04,finished
3,11060,2024-05-26 16:49:58,1,6069,9,2884,2020-08-03 10:48:37,canceled
5,11125,2024-08-15 01:39:51,6,18616,9,4567,2023-01-02 15:12:38,canceled
8,10283,2024-11-08 06:24:01,4,21590,7,7349,2021-09-30 02:08:31,finished
2,22799,2024-01-03 15:36:44,9,14783,1,2090,2022-08-22 05:18:50,canceled
6,23186,2024-10-22 17:24:49,10,10646,7,5029,2023-03-20 13:30:08,canceled
6,10196,2024-10-18 00:10:32,5,21680,3,7398,2023-04-22 06:25:44,canceled
4,17687,2024-01-16 10:53:27,9,5751,7,5533,2023-03-10 22:43:07,canceled
6,28633,2024-02-06 14:39:53,8,4105,2,2480,2021-03-10 04:46:05,canceled
2,8823,2024-02-25 16:46:55,9,14973,3,2909,2022-01-03 02:36:38,canceled
3,16800,2024-08-28 00:36:51,1,11405,9,1974,2024-02-09 10:19:11,canceled
4,21826,2024-07-31 21:15:38,8,14620,1,7656,2021-03-10 09:56:20,canceled
8,7550,2024-04-21 10:30:27,3,27983,5,9614,2023-07-12 10:11:17,finished
5,1338,2024-04-05 00:48:02,3,10118,5,6411,2024-10-31 10:06:10,canceled
10,11600,2024-04-08 08:43:42,2,10956,1,9430,2024-04-22 18:42:53,canceled
3,23239,2024-05-15 17:26:37,4,1551,3,8273,2021-12-15 03:07:50,finished
9,17647,2024-09-19 10:55:45,10,3756,6,3255,2024-04-24 22:56:32,canceled
7,5347,2024-07-19 13:32:29,5,25401,9,6015,2022-05-15 13:16:25,canceled
8,19371,2024-05-13 22:44:19,7,3120,9,3894,2023-01-24 18:37:45,finished
8,21385,2024-01-19 21:17:13,6,10391,9,7954,2022-02-27 17:49:45,canceled
1,9832,2024-05-04 14:53:31,9,28854,4,4250,2022-09-24 07:09:06,canceled
4,25076,2024-10-05 19:59:09,8,16399,8,2562,2024-05-02 14:04:23,canceled
3,3140,2024-02-03 16:46:41,4,17792,0,3503,2022-02-22 07:39:26,canceled
3,26223,2024-07-17 21:14:12,6,29146,1,1704,2020-05-02 08:32:13,finished
7,28215,2024-09-30 05:05:14,5,9633,9,8883,2021-10-05 23:02:57,canceled
2,23864,2024-08-09 23:52:46,5,6776,8,2230,2024-06-18 01:28:43,finished
10,15864,2024-08-23 12:41:31,4,25649,8,4483,2024-10-01 08:27:56,canceled
7,508,2024-07-25 03:32:33,8,7377,0,9274,2021-10-19 22:39:36,finished
9,27574,2024-10-22 17:03:08,4,4466,0,5149,2021-10-31 13:40:58,canceled
5,12875,2024-03-09 15:52:18,8,10883,2,6012,2020-12-23 02:46:54,canceled
9,2228,2024-10-31 15:18:29,2,19054,9,9635,2020-01-04 08:28:47,canceled
1,6531,2024-05-20 17:54:08,8,26749,4,6923,2020-04-04 07:37:02,finished
10,10753,2024-06-22 20:50:25,6,12959,2,3200,2023-10-05 23:08:49,canceled
3,27083,2024-07-17 13:20:13,1,56,8,1465,2022-09-21 23:05:15,finished
2,7583,2024-04-13 00:39:32,10,24279,3,9509,2022-07-04 04:03:23,canceled
9,20255,2024-05-21 18:56:30,6,2188,3,9519,2024-05-06 12:41:57,canceled
9,27236,2024-02-22 13:57:17,8,7811,1,5778,2020-01-19 06:17:29,finished
1,20166,2024-02-15 03:59:23,7,10748,4,9569,2021-09-06 20:50:22,canceled
10,10023,2024-04-11 10:26:19,8,8024,2,1432,2020-04-26 08:44:52,canceled
5,16745,2024-06-09 22:27:10,9,29778,6,2687,2023-02-27 17:19:21,canceled
5,11878,2024-03-31 20:57:31,9,23466,1,1519,2024-09-24 05:34:37,canceled
1,23163,2024-04-02 18:40:53,2,2500,7,6838,2020-02-11 03:52:55,finished
3,5583,2024-04-04 13:49:10,1,27085,0,3282,2020-11-23 00:08:33,canceled
5,10959,2024-09-08 04:53:15,8,13363,3,3073,2022-06-11 16:03:21,finished
10,19482,2024-01-15 14:39:11,7,2748,2,8856,2023-03-03 16:32:25,canceled
4,3972,2024-06-07 02:52:59,8,28977,1,7589,2023-05-19 02:17:43,finished
1,23158,2024-10-12 05:46:15,8,13816,2,1296,2024-03-26 17:54:49,finished
8,21282,2024-04-08 12:06:12,4,13194,7,6507,2024-06-20 03:48:55,canceled
4,5175,2024-02-05 21:18:14,1,20825,4,8679,2021-02-15 00:25:42,finished
3,1850,2024-10-03 19:40:59,5,23236,0,8282,2021-07-17 01:24:13,finished
3,28801,2024-08-31 15:43:03,6,797,10,8164,2024-08-27 12:41:10,finished
6,14213,2024-11-01 01:08:19,2,9502,3,9133,2022-09-07 17:53:34,canceled
4,20881,2024-05-14 05:48:52,2,17904,9,5793,2022-07-21 10:33:38,canceled
4,4412,2024-01-03 22:09:35,6,23119,5,7748,2024-04-24 07:01:37,finished
9,24306,2024-03-20 09:32:16,2,13350,5,5018,2023-05-25 06:26:57,canceled
6,5151,2024-09-14 00:02:08,5,26617,9,9439,2023-08-08 02:20:58,canceled
2,3306,2024-07-13 15:54:11,8,27028,4,9330,2022-05-23 21:40:44,finished
4,7065,2024-08-21 20:01:04,2,16321,5,1226,2024-03-25 17:57:11,finished
2,23801,2024-04-01 15:44:33,4,24975,8,3678,2021-03-24 06:10:19,canceled
6,2312,2024-01-22 10:56:26,1,2470,9,3458,2022-12-15 16:15:32,canceled
8,25595,2024-01-12 13:05:42,10,22380,6,4044,2022-08-19 17:09:58,finished
6,27149,2024-04-24 09:05:35,2,16945,4,5999,2020-09-26 15:24:34,canceled
1,6315,2024-10-21 16:39:06,2,21399,8,6483,2021-05-15 06:30:17,finished
5,19493,2024-06-19 23:47:15,5,6805,8,6698,2021-08-15 14:26:36,finished
1,22252,2024-06-17 19:31:59,3,28697,3,7304,2023-04-13 16:58:37,canceled
6,7145,2024-03-27 17:26:19,2,13645,1,2909,2021-04-30 15:22:16,finished
6,24112,2024-08-15 10:06:30,10,18288,8,3292,2020-04-18 10:50:46,finished
5,23638,2024-07-14 21:57:27,5,10257,7,9090,2024-04-15 09:41:09,canceled
10,4690,2024-05-12 18:26:29,3,3420,1,4641,2023-09-23 12:03:12,canceled
2,20284,2024-02-08 14:57:26,10,16178,10,6325,2023-09-18 01:10:59,canceled
5,16147,2024-07-05 08:43:01,10,833,1,5849,2022-11-04 20:24:17,canceled
4,22750,2024-03-30 06:53:46,3,27723,7,5782,2022-07-09 02:45:34,finished
6,13731,2024-05-03 14:19:32,8,1920,4,4281,2022-03-21 02:02:46,canceled
7,17061,2024-02-05 21:00:24,2,4018,10,7564,2023-01-18 21:18:14,finished
1,16154,2024-10-13 11:54:10,10,2393,1,4809,2020-12-12 04:37:46,finished
1,4288,2024-10-24 16:51:43,7,19673,0,5882,2021-05-17 16:45:41,finished
6,4685,2024-06-23 13:56:08,6,27123,6,6278,2022-12-23 07:22:13,finished
7,18935,2024-01-28 22:01:46,10,15390,7,2452,2021-11-27 15:28:16,finished
10,12317,2024-08-20 11:00:50,3,10772,9,3038,2023-08-18 07:09:25,canceled
9,17062,2024-05-17 10:35:11,6,7703,5,5832,2024-05-08 16:07:14,finished
7,22637,2024-05-06 12:24:08,3,29141,10,7337,2024-02-22 00:48:39,canceled
9,11539,2024-01-29 22:57:06,4,22683,8,9341,2023-10-21 17:34:45,finished
5,4823,2024-07-17 05:39:06,9,10730,6,1195,2022-07-15 16:27:42,canceled
3,15982,2024-11-04 00:01:18,2,23812,1,9600,2021-05-18 08:01:04,canceled
3,25459,2024-02-17 16:14:49,3,8975,0,3761,2022-05-01 21:27:36,finished
4,18309,2024-07-10 19:32:58,1,23065,1,8692,2023-06-29 05:46:27,canceled
1,2603,2024-10-31 01:45:43,1,13799,5,7200,2020-08-05 01:59:56,finished
5,23934,2024-01-16 12:59:13,3,18637,4,9848,2020-07-12 07:04:52,finished
4,22693,2024-08-02 15:24:52,8,284,4,4975,2024-08-02 13:35:00,canceled
9,13599,2024-10-21 06:35:06,10,19112,2,1424,2020-07-25 12:59:07,finished
7,11057,2024-03-26 21:11:00,1,19168,6,6361,2022-02-01 07:54:51,canceled
10,19754,2024-08-24 23:10:11,6,24608,2,8636,2024-04-23 15:09:03,finished
6,22905,2024-08-17 15:03:51,7,15068,5,7831,2020-01-05 02:12:30,finished
5,1538,2024-09-10 22:52:31,9,5965,3,4521,2023-10-11 13:49:35,canceled
4,11638,2024-07-15 03:11:41,2,1585,8,3428,2020-12-19 12:31:02,finished
4,5478,2024-07-05 05:35:32,1,25719,1,4755,2024-08-23 04:24:30,finished
1,2747,2024-03-29 06:04:18,8,21272,8,5068,2022-08-15 14:55:24,finished
5,13555,2024-01-06 01:39:51,10,10491,3,4992,2022-12-31 10:48:01,finished
7,28378,2024-06-19 08:44:15,7,1674,2,2957,2020-04-24 03:23:29,finished
4,29480,2024-07-23 13:01:14,6,13784,6,2459,2024-07-27 02:52:15,finished
8,29028,2024-10-11 10:45:25,2,26860,6,3291,2023-01-15 07:14:40,canceled
7,22505,2024-01-07 05:26:01,1,19026,10,2387,2023-05-31 07:32:03,finished
1,4196,2024-10-06 01:56:38,2,21278,4,8983,2023-01-25 22:54:52,finished
10,24703,2024-09-13 06:07:07,1,18616,3,5925,2021-11-12 02:40:47,canceled
8,15516,2024-03-19 01:50:19,4,21034,0,2686,2022-10-07 20:54:53,finished
9,21582,2024-04-22 08:38:12,10,17559,2,2957,2021-10-04 02:07:29,canceled
9,8924,2024-09-16 13:52:42,10,9881,9,4007,2023-06-28 22:34:47,canceled
10,27030,2024-06-26 20:35:15,4,4179,8,1066,2024-03-03 12:23:04,canceled
5,7655,2024-08-08 22:46:41,9,15943,1,5428,2024-10-21 07:42:12,finished
3,2188,2024-06-16 17:43:00,3,13956,3,4341,2023-04-24 14:39:33,finished
9,4899,2024-10-25 16:32:40,6,27878,1,2618,2023-03-24 06:58:53,finished
10,29427,2024-07-16 21:09:20,4,5319,10,3733,2023-02-11 01:29:06,finished
5,17278,2024-04-16 03:33:55,4,5439,4,8446,2021-11-18 03:42:33,finished
7,18060,2024-07-26 05:04:16,1,23276,5,7287,2022-08-27 17:49:41,finished
5,29215,2024-09-17 19:51:00,6,681,7,3650,2023-01-07 23:23:01,finished
3,12531,2024-03-15 11:32:47,2,3486,8,5733,2020-02-07 00:30:46,canceled
8,22753,2024-05-27 19:06:26,6,3887,10,7298,2023-07-26 18:01:30,canceled
9,1326,2024-08-23 19:10:19,9,22013,3,7629,2024-03-25 19:11:41,canceled
8,9085,2024-05-31 05:46:49,4,8374,0,7620,2023-11-30 11:28:02,finished
6,10747,2024-09-25 14:04:36,1,28205,10,1524,2021-12-21 00:26:18,canceled
4,9675,2024-06-01 07:18:58,10,29284,0,5207,2021-11-21 23:49:18,canceled
1,15328,2024-09-24 06:44:13,1,14748,9,6805,2022-04-26 14:47:24,finished
3,29667,2024-01-24 10:20:48,5,25748,6,3458,2024-09-30 00:28:36,canceled
3,501,2024-02-16 02:29:54,5,6441,8,4354,2021-11-25 10:56:08,finished
4,6571,2024-02-04 02:29:34,3,4038,10,9041,2022-01-05 03:58:51,finished
2,2305,2024-10-07 02:00:34,9,26472,3,5420,2023-04-17 13:14:37,canceled
6,6963,2024-01-30 21:37:07,4,9063,0,6031,2020-02-19 22:56:47,finished
8,5607,2024-08-01 16:10:01,2,21818,4,6290,2020-09-10 19:48:02,canceled
3,8568,2024-01-17 08:30:27,5,8512,9,8561,2024-03-02 02:29:01,finished
6,4384,2024-09-27 07:37:47,2,807,0,7763,2020-08-09 08:38:21,canceled
10,3105,2024-09-25 12:33:33,7,24025,0,8231,2022-11-18 18:09:28,canceled
4,29184,2024-04-07 20:00:18,10,28257,3,8862,2022-11-24 16:51:09,canceled
7,21464,2024-05-03 09:15:46,5,22566,7,8536,2022-01-23 19:20:03,finished
10,22641,2024-08-18 06:54:31,7,25629,4,7607,2022-07-12 17:04:20,finished
7,23682,2024-07-29 11:44:42,10,5842,5,5595,2022-10-16 08:23:05,canceled
5,27804,2024-10-18 18:50:03,6,8193,5,5915,2024-09-23 21:07:10,canceled
4,16736,2024-06-20 15:14:54,6,14620,5,5023,2022-05-31 00:39:34,finished
5,10451,2024-10-17 21:14:20,10,19555,3,5263,2021-10-11 06:23:30,canceled
9,26805,2024-04-06 05:11:49,9,10331,3,8617,2022-08-13 09:33:57,finished
5,9489,2024-06-24 20:32:54,9,7549,7,1969,2020-01-19 07:09:00,canceled
3,26489,2024-04-13 13:49:54,4,22697,5,7295,2020-04-20 03:31:19,canceled
7,7696,2024-04-26 03:06:29,2,17320,4,8187,2022-07-12 07:24:29,finished
2,26068,2024-07-29 02:25:04,2,22131,5,6480,2024-01-13 01:10:16,finished
4,24328,2024-04-01 09:30:27,9,781,1,5988,2023-04-28 00:52:02,finished
9,29962,2024-07-09 22:16:55,3,4280,1,4970,2024-05-04 12:19:26,canceled
8,14201,2024-10-19 15:01:52,9,25201,6,8445,2022-12-02 16:15:47,canceled
1,20166,2024-08-15 08:07:04,5,4976,7,6213,2020-03-23 22:56:51,finished
2,13590,2024-10-20 18:55:24,8,19799,9,8298,2020-10-11 18:54:54,finished
5,1656,2024-02-18 07:14:57,2,6751,6,2016,2023-10-05 10:44:06,canceled
4,6901,2024-02-26 21:03:03,9,9442,4,4622,2024-05-09 01:21:19,canceled
9,10591,2024-06-20 19:40:29,9,1736,5,8744,2024-07-30 12:58:43,canceled
7,24948,2024-03-07 04:10:52,8,17310,8,5769,2024-05-09 21:11:07,finished
7,9076,2024-04-20 06:36:30,5,26075,4,9613,2021-02-18 17:41:35,canceled
5,9565,2024-06-22 02:20:40,8,2222,4,9879,2022-03-01 16:00:11,finished
2,1803,2024-09-24 00:36:23,5,1679,5,6147,2023-02-23 06:04:02,finished
3,11056,2024-05-01 15:56:35,9,13290,5,7883,2024-09-13 22:03:03,canceled
9,3041,2024-09-03 02:34:13,5,14747,1,6911,2020-06-15 16:28:44,canceled
8,19381,2024-02-06 01:22:06,7,16614,0,8690,2023-02-18 08:47:41,canceled
9,13757,2024-07-03 06:39:11,1,14533,1,5032,2021-03-06 17:03:14,canceled
6,29243,2024-10-30 10:10:32,1,17277,9,1762,2020-05-05 05:55:10,canceled
4,12116,2024-10-14 08:44:45,2,5225,3,8130,2024-07-09 02:15:18,finished
3,4853,2024-09-14 20:36:07,6,22669,10,7758,2021-08-14 19:10:59,finished
9,15627,2024-01-06 18:31:21,3,25265,0,6840,2021-08-21 01:24:37,finished
4,12788,2024-04-04 03:31:44,2,556,5,2674,2023-07-05 18:41:53,canceled
9,21285,2024-05-03 08:13:08,8,1757,6,7557,2021-06-02 21:30:12,canceled
1,15463,2024-04-27 22:20:26,4,5935,0,4604,2021-01-11 18:38:22,canceled
3,1555,2024-03-13 19:20:24,7,9992,10,9562,2023-06-01 20:19:18,canceled
10,16470,2024-04-08 06:41:21,10,25913,6,4418,2024-02-09 08:18:19,canceled
4,5678,2024-05-20 01:28:27,2,29652,2,2795,2024-05-15 10:00:23,canceled
10,22538,2024-09-07 09:21:47,4,23743,3,8243,2023-05-24 16:45:35,finished
8,26088,2024-04-03 21:49:45,1,21617,9,6739,2022-08-19 06:38:41,canceled
1,18108,2024-05-30 10:43:27,6,2792,5,4205,2022-01-17 04:41:26,finished
9,20134,2024-03-25 13:28:52,1,1673,8,2258,2023-02-28 17:24:47,canceled
10,4665,2024-06-04 01:15:47,7,7502,10,6406,2023-11-13 22:58:46,canceled
4,29332,2024-02-07 20:52:28,6,671,9,2776,2020-07-02 10:05:03,finished
2,11140,2024-01-22 15:02:50,5,3751,4,4519,2020-07-26 14:45:18,finished
2,19096,2024-08-31 08:34:00,9,20735,8,4513,2020-12-05 18:34:44,canceled
1,20236,2024-01-23 15:36:13,4,3605,7,3444,2023-02-28 16:53:47,canceled
10,17595,2024-08-31 06:25:36,2,29551,2,3702,2020-03-11 15:21:45,finished
9,13706,2024-08-09 18:44:29,7,9890,5,1291,2021-05-26 02:55:50,finished
2,16491,2024-07-26 18:08:41,10,13517,7,6352,2022-07-24 07:26:05,canceled
5,17315,2024-03-13 15:11:32,7,15872,8,8881,2023-02-05 20:30:58,canceled
5,574,2024-03-24 15:44:13,5,21290,8,3917,2020-01-28 22:33:16,canceled
6,26296,2024-06-26 04:10:48,6,9257,10,6836,2020-04-02 17:16:52,canceled
10,10672,2024-05-22 08:37:41,3,29223,3,8991,2023-04-02 22:12:28,canceled
4,25440,2024-05-29 21:29:05,5,15215,8,4426,2024-10-18 00:44:40,canceled
5,6427,2024-05-20 03:53:29,10,18854,0,3071,2023-03-05 22:45:43,canceled
2,7997,2024-08-09 10:30:13,10,28478,0,5989,2022-10-07 07:49:14,canceled
2,27401,2024-01-08 12:12:21,6,17184,10,8999,2023-05-15 16:10:13,canceled
3,21864,2024-05-31 15:32:04,4,8366,2,1784,2024-07-09 12:45:11,finished
10,872,2024-02-21 16:18:21,4,9293,4,9528,2023-12-29 23:37:17,finished
7,18383,2024-10-25 19:23:41,5,26377,5,7018,2020-04-06 04:28:54,canceled
7,14766,2024-09-10 13:50:55,8,24249,8,2200,2023-02-28 03:50:31,finished
3,15347,2024-05-03 19:36:39,6,12662,7,7417,2022-05-10 06:24:06,canceled
4,4107,2024-01-27 06:40:50,2,4969,1,1390,2024-10-30 05:24:42,finished
2,29846,2024-10-18 16:45:05,8,15567,5,6407,2020-05-07 19:23:11,finished
4,4645,2024-09-01 15:11:19,3,1899,4,8284,2020-05-11 16:58:07,finished
4,3888,2024-04-14 12:57:38,7,18000,4,6834,2021-09-04 04:37:50,canceled
10,1510,2024-10-15 23:51:44,5,7624,8,9428,2021-11-08 18:51:22,canceled
3,12809,2024-02-08 02:47:08,5,20260,0,5813,2020-12-16 18:53:12,finished
4,1721,2024-04-25 12:02:22,5,3368,7,7023,2020-02-25 22:29:49,finished
3,15132,2024-08-31 15:57:34,2,12636,10,9307,2024-08-31 23:37:07,canceled
10,1590,2024-02-19 19:25:49,2,3169,1,2171,2021-12-30 20:37:18,finished
9,21371,2024-07-14 15:21:26,5,6704,0,1588,2020-08-29 01:13:05,finished
8,27252,2024-05-31 13:28:09,9,6966,1,3813,2020-08-18 15:58:53,finished
1,10787,2024-05-18 22:34:40,9,8488,10,8027,2021-07-10 21:06:48,finished
2,14335,2024-01-17 09:02:46,4,7044,4,8500,2020-10-02 05:16:16,canceled
3,8734,2024-04-01 06:01:14,10,6933,7,6105,2021-01-05 00:39:23,finished
8,7921,2024-11-05 11:43:08,4,3887,1,5604,2022-12-02 15:18:18,finished
9,14076,2024-05-03 04:31:44,5,2379,2,5884,2023-05-29 23:37:29,canceled
1,1438,2024-07-21 01:36:38,10,27239,9,6791,2020-07-18 04:54:38,canceled
9,7856,2024-05-11 12:38:30,2,25431,0,6168,2020-03-01 14:42:54,canceled
10,6761,2024-07-09 05:14:13,9,4271,7,3517,2023-08-18 20:43:49,canceled
6,28402,2024-04-21 19:06:34,7,28902,5,7850,2021-12-18 03:16:56,canceled
1,22879,2024-07-06 03:18:27,1,22176,7,3268,2024-02-10 09:59:27,canceled
4,11905,2024-06-05 18:02:13,8,28722,1,6864,2023-05-24 18:30:37,finished
5,13643,2024-06-15 17:37:55,1,10382,6,6056,2022-04-01 00:44:23,finished
3,1804,2024-03-31 21:38:50,7,29621,7,5349,2020-11-12 03:15:37,finished
10,4001,2024-05-27 13:05:54,7,11204,6,2811,2020-08-03 16:24:24,canceled
6,27703,2024-05-14 15:46:11,1,23895,3,6155,2021-10-25 07:03:48,canceled
10,4367,2024-01-16 07:07:11,2,13407,9,2359,2022-07-05 07:06:12,canceled
4,11517,2024-09-25 15:05:08,6,23377,7,4960,2021-11-30 13:35:36,canceled
4,10350,2024-08-29 02:34:46,4,27900,5,6753,2023-03-06 02:18:53,finished
7,10309,2024-03-15 04:36:35,1,23000,5,4484,2023-07-19 17:52:03,finished
3,24042,2024-04-03 08:23:50,9,6518,1,8926,2021-11-12 16:19:52,finished
8,2882,2024-04-13 14:32:22,5,25302,0,3200,2021-06-08 16:37:47,canceled
6,4889,2024-04-24 19:04:09,8,10990,0,5212,2020-04-14 07:38:40,canceled
8,29213,2024-01-26 18:05:04,5,12314,3,2867,2024-10-07 20:53:28,canceled
10,18811,2024-08-28 21:29:27,8,17179,7,6798,2021-03-31 19:49:11,finished
6,21163,2024-07-20 11:29:32,3,15237,9,2097,2023-01-29 18:35:35,canceled
4,9285,2024-03-05 20:33:59,10,27752,4,6637,2021-12-04 09:50:47,finished
6,4591,2024-04-08 10:14:31,4,15991,4,4459,2021-01-27 07:03:33,finished
8,29115,2024-03-13 19:54:10,5,11808,7,9682,2022-09-18 02:42:52,finished
2,15872,2024-10-24 15:43:33,5,17083,10,5087,2024-07-27 04:25:29,finished
8,15476,2024-07-27 13:39:19,1,17620,10,5960,2022-11-13 12:36:50,finished
3,9277,2024-09-05 19:03:48,4,2843,8,2168,2023-11-14 20:51:09,finished
10,9958,2024-10-18 20:14:19,4,25169,7,9332,2021-05-05 09:18:58,finished
2,28155,2024-01-11 14:45:21,5,14058,1,6332,2023-12-24 23:31:44,canceled
6,4393,2024-10-28 16:06:40,6,18653,3,4457,2020-09-24 07:23:09,finished
9,7690,2024-05-20 17:41:04,9,25755,8,3728,2021-09-03 18:44:53,canceled
1,19412,2024-03-24 07:28:52,4,25572,3,6614,2021-10-01 13:25:19,finished
8,18681,2024-02-09 05:48:28,6,7714,0,5457,2022-05-28 02:24:59,finished
10,11901,2024-06-02 18:50:45,1,24885,0,3973,2024-05-01 20:43:22,canceled
4,9513,2024-10-05 18:11:08,6,3516,8,8563,2021-03-27 21:35:32,canceled
9,20108,2024-08-24 18:21:47,9,28336,0,9028,2024-09-09 13:22:58,finished
1,11944,2024-04-03 19:47:00,2,26467,6,5633,2024-05-10 00:31:43,canceled
3,4644,2024-04-26 22:39:34,10,23507,2,1268,2024-01-13 17:45:14,finished
10,7172,2024-04-06 13:56:02,1,13806,1,6519,2024-05-02 12:26:38,finished
9,15013,2024-01-22 06:34:37,9,16076,5,5883,2021-11-22 19:42:03,canceled
1,14850,2024-04-14 01:39:52,4,863,2,1420,2022-02-24 13:54:52,canceled
8,939,2024-10-31 00:15:10,9,4986,4,9314,2020-04-09 01:53:20,canceled
7,5125,2024-04-29 21:41:30,5,27990,8,4548,2021-12-19 02:17:20,finished
6,26571,2024-02-04 11:17:24,3,3299,2,5961,2020-05-09 01:43:23,finished
2,15961,2024-07-11 23:07:58,8,29094,7,7416,2021-03-19 07:17:08,finished
4,16166,2024-01-28 06:17:26,2,2748,6,5583,2021-06-16 12:42:46,canceled
9,15767,2024-06-16 18:11:54,6,28997,9,4580,2023-09-20 22:23:53,finished
1,22955,2024-08-30 12:26:19,2,2879,4,8603,2023-01-11 16:56:30,finished
3,26803,2024-01-18 23:50:06,4,5112,6,4621,2024-02-06 12:12:04,canceled
2,10286,2024-03-15 01:00:53,4,16751,9,7034,2021-05-23 04:22:15,finished
2,19995,2024-08-11 11:14:54,7,21363,0,9659,2021-08-11 19:35:55,finished
3,1442,2024-02-23 09:57:17,7,6515,0,1256,2023-04-26 09:05:09,finished
10,8499,2024-06-13 06:00:56,8,7606,2,4492,2023-09-01 06:28:48,finished
9,22372,2024-08-28 12:11:27,7,21681,2,2225,2021-09-01 20:37:50,finished
2,5319,2024-08-05 17:59:08,8,8161,2,3539,2020-05-08 19:14:43,finished
5,7907,2024-06-16 05:17:05,5,13890,1,8822,2023-12-10 09:36:15,canceled
10,26242,2024-01-27 19:26:24,6,5280,8,8649,2024-11-01 03:30:58,finished
2,14146,2024-04-26 17:02:34,8,10976,7,1571,2021-10-14 00:04:23,finished
7,12268,2024-04-24 20:42:34,4,17452,4,9247,2022-11-17 18:38:00,canceled
2,25758,2024-06-28 15:30:08,10,20169,4,8443,2022-03-02 16:37:52,finished
10,20034,2024-09-09 13:33:54,5,5429,4,1277,2020-05-09 10:47:41,finished
5,25590,2024-10-12 18:16:47,3,8024,4,5004,2020-12-15 16:37:27,canceled
1,27152,2024-03-14 19:08:44,10,21755,6,2059,2021-04-21 10:02:04,canceled
3,9619,2024-07-28 23:08:58,3,19980,6,3647,2021-10-06 20:02:30,canceled
1,22361,2024-02-10 04:47:01,4,28354,7,6507,2020-05-04 20:19:05,canceled
2,27683,2024-03-05 03:39:27,2,20902,3,3297,2020-05-31 11:21:59,canceled
7,12215,2024-03-21 22:14:48,3,10233,1,3364,2021-05-15 19:37:08,finished
1,27858,2024-03-22 14:21:24,8,603,0,2835,2021-05-28 11:31:46,canceled
2,5801,2024-08-29 10:25:54,8,7189,9,3456,2022-01-13 08:04:46,finished
8,27094,2024-05-26 05:44:40,7,11441,7,7218,2022-03-01 00:30:22,canceled
4,5060,2024-01-18 12:55:38,8,9567,6,3917,2023-10-16 09:21:03,canceled
9,14201,2024-04-23 22:40:26,8,27490,5,1024,2020-11-15 02:13:47,canceled
5,23531,2024-06-09 14:04:19,3,26708,4,8405,2024-07-11 06:53:34,canceled
5,2355,2024-05-01 02:27:46,4,29895,10,4650,2021-11-11 15:16:01,finished
1,3684,2024-10-27 10:00:55,9,2222,1,2759,2024-06-03 04:28:00,finished
4,28913,2024-07-27 11:38:12,9,20154,2,7966,2023-03-05 06:08:15,finished
1,4155,2024-10-26 09:40:34,6,5105,2,2086,2024-10-29 21:50:15,canceled
10,10871,2024-05-13 21:11:44,6,15288,4,6675,2020-04-05 17:48:22,canceled
3,17737,2024-08-15 01:29:08,1,23021,8,7640,2021-10-14 12:51:16,finished
8,24846,2024-01-21 00:17:29,9,11711,1,6282,2020-12-23 10:58:30,finished
1,19032,2024-02-15 06:39:22,7,22470,2,9550,2024-03-16 21:06:29,finished
9,14477,2024-08-25 10:36:55,7,18498,8,5827,2020-07-12 06:08:15,finished
4,12314,2024-09-07 10:25:26,8,2810,10,7760,2021-12-24 06:57:58,canceled
9,25830,2024-10-29 19:50:24,2,11519,10,7032,2024-08-06 20:57:52,finished
7,9469,2024-06-01 08:18:44,7,15347,10,1688,2023-05-23 10:31:38,canceled
10,25617,2024-07-27 09:25:56,2,10095,8,9379,2020-11-15 12:43:30,finished
9,11513,2024-03-23 13:52:29,8,10916,8,5856,2020-08-24 15:37:40,finished
4,10377,2024-08-21 01:33:58,3,21533,9,3184,2021-05-01 04:03:42,canceled
10,20414,2024-09-21 03:37:21,4,29718,8,5779,2024-06-10 20:39:03,canceled
1,8506,2024-04-20 06:05:55,6,12565,1,2207,2022-10-31 00:12:39,finished
4,8853,2024-10-29 21:12:35,8,17722,2,5024,2022-06-07 18:51:26,canceled
2,7443,2024-02-26 00:30:32,6,14363,7,9448,2023-08-22 21:08:16,canceled
9,14480,2024-02-08 20:13:52,9,9320,0,9657,2020-02-16 15:39:15,finished
4,25651,2024-02-22 16:30:20,4,19265,1,2855,2021-01-12 19:56:49,finished
9,8760,2024-04-10 15:20:55,6,13527,7,8366,2020-09-11 15:11:05,finished
1,11191,2024-10-17 18:01:28,4,16225,0,7942,2022-03-17 03:27:05,canceled
10,29483,2024-09-08 08:35:52,5,24200,1,5073,2024-06-17 23:36:34,canceled
2,8174,2024-06-30 01:29:36,1,29733,2,8922,2020-12-14 04:48:34,finished
8,21825,2024-04-13 09:51:32,2,8406,0,4973,2023-03-12 04:04:48,finished
1,26501,2024-09-25 09:20:25,6,3050,2,1317,2022-09-29 06:05:29,canceled
8,20292,2024-01-09 18:02:38,8,10211,4,3034,2024-01-16 06:23:10,finished
8,26255,2024-04-24 19:33:22,4,11306,8,5102,2022-05-30 20:11:13,canceled
1,16592,2024-07-13 15:34:21,7,11018,9,5099,2021-01-17 01:57:22,finished
8,14877,2024-07-30 22:29:39,7,22841,10,5951,2022-09-05 02:23:43,canceled
1,17194,2024-10-01 22:34:10,5,20518,8,9922,2024-07-13 01:26:49,canceled
1,2182,2024-01-28 03:56:07,6,26,6,4635,2020-06-16 06:52:23,canceled
6,25074,2024-09-13 04:31:56,7,15676,8,1005,2021-10-15 00:14:37,canceled
4,492,2024-05-03 16:29:32,4,26042,0,5861,2024-02-29 08:45:04,canceled
10,14495,2024-01-30 22:49:03,9,24790,8,5194,2022-10-07 04:56:59,canceled
10,24296,2024-03-17 03:01:24,4,29777,1,2748,2023-06-25 09:30:27,canceled
9,6733,2024-05-25 11:04:01,2,24725,5,6498,2020-05-30 17:26:00,finished
2,19434,2024-04-11 05:43:47,1,424,5,3815,2020-06-29 08:37:30,finished
4,19489,2024-08-26 16:35:41,7,739,8,8097,2024-09-12 02:19:55,canceled
5,6687,2024-05-03 17:54:43,1,16139,10,8282,2020-05-13 10:58:44,canceled
8,18505,2024-07-29 16:45:47,10,16477,1,1173,2020-11-10 15:25:50,finished
6,7339,2024-11-01 21:11:32,1,10842,6,5031,2020-05-28 17:19:35,canceled
10,11647,2024-04-22 07:20:31,4,5458,1,1031,2020-05-11 04:25:09,canceled
7,2613,2024-02-06 22:41:25,4,13607,6,7834,2023-04-27 20:26:45,canceled
1,7,2024-10-23 03:44:17,6,17618,2,4713,2023-12-22 06:20:58,canceled
7,19828,2024-04-06 07:53:10,5,21681,2,3823,2020-02-12 10:37:31,canceled
9,7794,2024-06-18 04:03:48,2,16470,1,2692,2021-08-20 23:14:49,canceled
9,4683,2024-04-10 18:22:57,8,23975,7,7060,2024-08-03 23:49:11,finished
1,6678,2024-01-08 23:26:31,10,2101,9,1567,2020-01-24 06:59:36,canceled
10,10785,2024-03-13 03:55:55,3,26547,5,7741,2022-12-18 14:13:57,finished
1,27755,2024-09-20 17:49:15,7,23048,9,4793,2022-06-27 15:45:53,finished
8,28926,2024-09-15 13:56:21,1,3142,8,3714,2021-06-12 00:53:09,finished
8,10989,2024-09-19 07:40:14,3,20735,9,3420,2023-10-30 18:12:39,canceled
1,3127,2024-08-29 11:01:09,3,6318,3,6776,2020-11-25 23:44:32,canceled
1,16376,2024-08-16 22:13:21,7,13972,9,6938,2024-08-21 12:37:14,finished
3,8002,2024-08-30 08:43:35,7,25654,2,4777,2020-08-13 06:19:51,finished
3,5394,2024-02-10 03:23:57,7,17121,5,5640,2021-05-23 02:06:49,canceled
3,27899,2024-07-15 04:56:10,9,28212,4,1429,2022-10-02 13:55:53,finished
7,3207,2024-03-20 16:45:52,9,23693,6,9688,2023-11-16 06:54:08,finished
3,28512,2024-04-30 18:32:37,7,21933,2,5551,2021-07-23 14:49:53,canceled
9,13779,2024-06-14 21:04:08,4,862,10,7640,2023-11-02 19:50:42,canceled
5,18227,2024-06-06 19:30:54,4,11524,8,7543,2024-05-06 10:23:21,canceled
9,8781,2024-08-02 04:27:36,8,19818,1,8322,2020-05-08 16:25:33,canceled
6,1616,2024-06-28 19:08:03,2,1829,9,4548,2020-10-27 09:03:07,finished
1,24369,2024-05-30 18:32:13,7,23741,4,1508,2020-02-28 04:58:23,finished
4,24068,2024-01-10 05:36:47,8,26447,7,2131,2022-05-07 07:00:05,canceled
8,1539,2024-08-07 05:11:30,1,10204,2,2324,2023-11-20 18:58:08,finished
2,14188,2024-10-23 11:01:13,1,2594,3,2518,2020-12-06 11:35:00,finished
3,1539,2024-08-12 10:20:28,4,14767,0,9394,2023-01-31 14:17:18,finished
5,13438,2024-04-08 09:12:35,4,8777,4,7802,2024-05-21 07:19:42,canceled
6,9459,2024-04-14 10:31:58,7,11040,4,9516,2021-07-06 02:57:02,canceled
6,4542,2024-06-14 00:51:50,9,16924,8,7529,2024-05-14 03:18:25,finished
5,11530,2024-02-12 19:46:21,1,9786,10,7525,2024-10-09 12:03:09,canceled
8,25146,2024-06-26 15:38:28,9,13127,6,3474,2023-02-20 20:46:27,canceled
8,5199,2024-02-03 17:00:26,6,16665,6,5205,2021-12-04 04:31:11,finished
8,26042,2024-03-27 12:09:42,1,17362,1,5620,2020-03-14 04:14:12,finished
7,2039,2024-06-08 15:48:50,6,1611,7,4296,2022-12-01 21:03:09,finished
2,22130,2024-07-22 10:10:05,3,6,8,8446,2020-04-21 02:53:44,finished
3,26486,2024-08-16 03:47:13,10,27430,8,7027,2023-02-01 21:21:36,finished
1,976,2024-07-09 17:21:28,7,27750,0,4204,2021-01-05 16:24:46,finished
6,17814,2024-03-30 03:45:25,5,22891,7,6795,2021-01-22 16:20:50,finished
1,8848,2024-01-09 02:24:35,10,4725,1,3478,2020-07-05 13:40:04,finished
2,8303,2024-10-31 16:20:01,6,22411,5,2360,2024-02-27 06:58:15,finished
10,2246,2024-01-07 06:07:39,1,25241,8,8034,2024-02-25 17:50:56,finished
4,12445,2024-01-26 03:25:02,4,27368,10,6531,2020-12-19 15:56:07,canceled
10,22682,2024-06-14 17:20:18,3,23620,1,3365,2021-04-19 12:42:13,finished
10,25918,2024-04-28 02:34:36,2,996,6,6818,2021-08-19 19:08:27,canceled
3,24181,2024-09-04 04:43:28,6,28094,3,2309,2020-07-28 00:41:53,finished
4,29177,2024-11-06 03:47:15,8,821,4,7861,2020-01-27 12:29:43,canceled
6,28860,2024-08-31 07:06:55,2,2148,7,2221,2023-07-23 15:00:54,finished
9,27850,2024-06-08 22:44:43,6,15102,2,4351,2020-09-29 22:20:18,finished
1,12101,2024-04-04 01:25:51,6,3075,8,2836,2020-04-16 03:19:53,canceled
10,281,2024-02-18 19:24:47,5,19809,6,7771,2023-11-12 04:58:17,finished
9,4131,2024-03-22 01:42:46,6,6018,9,9903,2024-03-05 11:45:10,finished
1,7936,2024-10-13 14:16:10,7,21935,6,4111,2021-08-18 08:09:45,canceled
7,23919,2024-03-19 19:49:01,10,21745,3,2375,2021-07-05 17:43:11,finished
2,1172,2024-10-14 12:53:30,3,5638,5,1865,2024-08-13 12:19:06,finished
3,17618,2024-04-30 05:29:23,6,28094,5,4614,2022-08-26 17:03:15,canceled
10,22600,2024-04-18 03:22:25,5,10486,2,3202,2024-11-08 02:10:51,canceled
8,29752,2024-07-09 12:19:35,8,18632,3,8708,2024-08-06 23:23:54,canceled
3,26620,2024-07-04 23:11:53,10,5989,1,6112,2022-06-03 11:41:58,finished
3,7502,2024-11-03 18:28:36,6,6395,5,7733,2023-10-30 17:30:34,canceled
3,16688,2024-08-09 06:57:46,6,23736,0,6704,2020-01-23 14:00:16,finished
3,4412,2024-09-15 02:49:43,3,4628,1,2017,2021-09-09 02:58:46,finished
4,25366,2024-03-02 19:04:09,5,24268,10,5661,2021-06-12 21:15:57,canceled
2,2462,2024-10-23 12:11:40,9,229,2,5435,2022-03-27 10:38:43,canceled
9,3937,2024-03-08 02:35:57,3,21053,4,8392,2021-08-10 12:32:28,finished
5,15028,2024-02-15 04:26:59,10,22064,2,5480,2022-08-29 02:26:40,canceled
8,7728,2024-07-16 18:36:47,1,17769,0,5638,2022-12-03 13:14:19,canceled
6,7663,2024-11-03 12:44:10,3,16994,1,8376,2023-06-02 23:00:00,canceled
7,12127,2024-01-09 15:38:46,2,17991,10,7792,2021-11-10 12:28:38,finished
6,5821,2024-10-17 14:37:52,5,18110,0,9075,2024-05-31 04:55:12,canceled
6,23099,2024-09-29 22:30:36,3,26432,9,9094,2020-07-16 15:54:12,canceled
5,12502,2024-03-25 15:16:27,2,17973,8,7555,2021-06-09 13:37:28,finished
4,11684,2024-09-10 14:53:12,8,8875,3,4175,2020-10-14 10:52:21,canceled
8,1917,2024-03-10 15:15:38,6,17069,1,5068,2021-11-14 22:58:54,canceled
6,9953,2024-03-17 13:22:24,10,16901,2,2430,2024-05-10 04:16:39,canceled
2,13448,2024-01-29 20:26:39,9,16368,5,3014,2021-01-21 03:04:33,canceled
2,27697,2024-06-21 23:24:11,2,26488,9,9535,2021-01-28 10:48:50,canceled
6,18542,2024-04-16 17:40:05,8,11819,8,6727,2023-02-09 12:37:10,canceled
8,432,2024-02-10 09:04:15,10,15487,8,9111,2021-06-04 16:11:05,finished
3,29304,2024-07-04 23:07:38,10,17562,1,4575,2021-08-14 22:16:46,finished
2,13576,2024-03-30 02:35:28,5,7933,3,8944,2023-09-02 22:25:27,finished
2,23480,2024-07-29 18:40:51,1,1405,10,4297,2024-07-02 14:19:03,finished
6,17065,2024-03-16 07:16:48,4,3834,8,8598,2024-03-12 03:34:01,canceled
10,13957,2024-01-26 02:37:44,2,12926,2,2728,2020-06-28 12:08:11,finished
4,13246,2024-05-08 03:27:01,4,4178,10,5756,2022-01-10 06:00:57,finished
5,2923,2024-09-24 21:53:05,9,28306,1,4747,2020-10-23 18:32:03,canceled
6,8701,2024-01-23 18:58:25,7,960,3,4181,2023-10-25 05:57:12,canceled
7,3363,2024-04-13 05:55:46,5,11648,8,9212,2024-08-07 13:27:34,finished
9,21492,2024-09-12 00:25:30,2,18630,4,3535,2020-09-10 00:07:49,finished
3,6884,2024-06-01 06:31:03,6,22749,7,4356,2024-10-29 18:04:53,finished
3,333,2024-06-25 15:54:17,3,29826,4,4673,2021-10-25 23:32:31,finished
5,14684,2024-10-12 16:05:46,8,4055,2,3607,2023-12-17 15:52:10,finished
5,17815,2024-01-15 02:40:46,4,9663,2,7191,2023-05-23 18:32:19,finished
4,13896,2024-10-26 03:29:39,7,16601,2,1974,2020-04-11 20:02:19,canceled
